name,volume,spec,ingredients,link,price,rating,reviews,image,symptom_tags,category,name_clean
닥터포헤어 폴리젠 씨크닝 샴푸,400ml,모든피부용,"정제수, 소듐C14-16올레핀설포네이트, 코카미도프로필베타인, 소듐클로라이드, 소듐벤조에이트, 피피지-3카프릴릴에터, 소듐메틸코코일타우레이트, 소듐코코일알라니네이트, 멘톨, 코카마이드메틸엠이에이, 카프릴릴글라이콜, 폴리쿼터늄-10, 티타늄디옥사이드, 소듐라우릴글라이콜카복실레이트, 덱스판테놀, 멘틸락테이트, 살리실릭애씨드, 시트릭애씨드, 부틸렌글라이콜, 나이아신아마이드, 다이소듐이디티에이, 트라이하이드록시스테아린, 피피지-3미리스틸에터, 스타이렌/아크릴레이트코폴리머, 메틸프로판다이올, 글리세린, 파이틱애씨드, 피록톤올아민, 다이프로필렌글라이콜, 락토바실러스발효물, 소듐하이드록사이드, 매실추출물, 인동덩굴꽃추출물, 황금추출물, 테트라소듐이디티에이, 1,2-헥산다이올, 알지닌, 바이오틴, 사발팜열매추출물, 세라마이드엔피, 하이드롤라이즈드케라틴, 카페인, 로즈마리잎오일, 아세틸테트라펩타이드-3, 카퍼트라이펩타이드-1, 향료, 리날룰, 헥실신남알, 알파-아이소메틸아이오논, 리모넨, 시트로넬올 [폴리젠 씨크닝 스칼프 토닉] 정제수, 변성알코올, 부틸렌글라이콜, 피이지-60하이드로제네이티드캐스터오일, 멘톨, 판테놀, 알란토인, 홍삼추출물, 폴리비닐알코올, 카프릴릴글라이콜, 페퍼민트오일, 다이소듐이디티에이, 락토바실러스발효물, 바이오틴, 세라마이드엔피, 사발팜열매추출물, 나이아신아마이드, 아데노신, 프로판다이올, 로즈마리잎오일, 카페인, 1,2-헥산다이올, 다이프로필렌글라이콜, 글리세레스-26, C12-14알케스-12, 시트릭애씨드, 티트리잎추출물, 폴리글리세릴-10다이아이소스테아레이트, 소듐시트레이트, 소듐나프탈렌설포네이트, C12-13알케스-9, 덱스트란, 카퍼트라이펩타이드-1, 아세틸테트라펩타이드-3, 붉은토끼풀꽃추출물, 향료, 리모넨",https://www.oliveyoung.co.kr/store/goods/getGoodsDetail.do?goodsNo=A000000116991&t_page=%ED%86%B5%ED%95%A9%EA%B2%80%EC%83%89%EA%B2%B0%EA%B3%BC%ED%8E%98%EC%9D%B4%EC%A7%80&t_click=%EA%B2%80%EC%83%89%EC%83%81%ED%92%88%EC%83%81%EC%84%B8&t_search_name=%EC%83%B4%ED%91%B8&t_number=5&dispCatNo=1000001000400080001&trackingCd=Result_5,18900,4.7,151220,https://image.oliveyoung.co.kr/cfimages/cf-goods/uploads/images/thumbnails/10/0000/0011/A00000011699191ko.png?l=ko,,shampoo,닥터포헤어 폴리젠 씨크닝 샴푸
빌랑스 only화해 포스트바이오틱스 안티 헤어로스 탈모 완화 샴푸 500g 더블기획,"샴푸 1,000g (500g+500g)",모든두피용,"정제수, 다이소듐라우레스설포석시네이트, 아크릴레이트코폴리머, 소듐C14-16올레핀설포네이트, 라우릴글루코사이드, 폴리쿼터늄-7, 라우라민옥사이드, 징크피리치온, 시트릭애씨드, 판테놀,소듐벤조에이트, 글리세릴카프릴레이트, 향료, 나이아신아마이드,구아하이드록시프로필트라이모늄클로라이드, 에틸헥실글리세린,바이오틴, 엔테로코쿠스 파이칼리스, 소듐폴리나프탈렌설포네이트,부틸아보카데이트, 자일리틸글루코사이드, 안하이드로자일리톨, 아밀로덱스트린, 말토덱스트린, 칼슘판토테네이트, 자일리톨, 부틸렌글라이콜, 소듐아스코빌포스페이트, 글루코오스, 토코페릴아세테이트,피리독신에이치씨엘, 1,2-헥산다이올, 검정콩추출물, 마늘추출물,마카뿌리추출물, 보리추출물, 서양산딸기추출물, 양까막까치밥나무열매추출물, 유럽무늬갑오징어먹물추출물, 검은깨추출물, 블랙커민씨추출물, 흑미추출물, 토코페롤, 실리카",https://www.hwahae.co.kr/goods/%EB%B9%8C%EB%9E%91%EC%8A%A4-only%ED%99%94%ED%95%B4-%ED%8F%AC%EC%8A%A4%ED%8A%B8%EB%B0%94%EC%9D%B4%EC%98%A4%ED%8B%B1%EC%8A%A4-%EC%95%88%ED%8B%B0-%ED%97%A4%EC%96%B4%EB%A1%9C%EC%8A%A4-%ED%83%88%EB%AA%A8-%EC%99%84%ED%99%94-%EC%83%B4%ED%91%B8-500g-%EB%8D%94%EB%B8%94%EA%B8%B0%ED%9A%8D/68439,28900,4.57,21340,https://img.hwahae.co.kr/commerce/goods/20260828_160921_composed-represent.png,,shampoo,빌랑스 only화해 포스트바이오틱스 안티 헤어로스 탈모 완화 샴푸
토미울프 블랙밤부 샴푸,"1,035 ml / 34.99 fl.oz.","풍성한 거품과 미네랄솔트, 덱스판테놀, 한방추출물 등 성분이 마일드하게 세정해주어 운동 후의 열감 및 두피케어와 모발보호, 지루성 두피케어에 도움을 줍니다.","정제수, 씨쏠트추출물, 소듐C14-16올레핀설포네이트, 부틸렌글라이콜, 다이소듐라우레스설포석시네이트, 미네랄솔트, 1,2-헥산다이올, 옐-엠톨, 소듐하이알루로네이트, 하이알루로닉애시드, 하이드롤라이즈드하이알루로닉애씨드, 하이드록시프로필트라이모늄하이알루로네이트, 하이드롤라이즈드소듐하이알루로네이트, 소듐아세틸레이티드하이알루로네이트, 소듐하이알루로네이트크로스폴리머-6, 포타슘하이알루로네이트, 다이메틸실란올하이알루로네이트, 폴리쿼터늄-10, 포타슘벤조에이트, 박하추출물, 멘톨إكس이트, 소듐클로라이드, 알란토인, 카페인, 시트릭애씨드, 덱스판테놀, 판테놀에틸에터, 에탈헥실글리세린, 스테비아추출물, 실크아미노산, 살리실릭애씨드, 측백나무잎추출물, 줄줄기추출물, 오죽추출물, 감초뿌리추출물, 석창포추출물, 한련초추출물, 맥문동뿌리추출물, 뽕나무껍질추출물, 지황뿌리추출물, 황금추출물, 개산초열매추출물, 검정콩추출물, 여두추출물, 감국꽃추출물, 하수오뿌리추출물, 소듐아세테이트, 글라이신, 아우레오바시디움풀루란스, 몰로카이오추출물, 세린, 검은깨추출물, 글루타믹애씨드, 아이소프로필알코올, 아스파틱애씨드, 류신, 알라닌, 라이신, 알지닌, 타이로신, 페닐알라닌, 프롤린, 트레오닌, 발린, 아이소루신, 히스티딘, 시스테인, 메티오닌, 프로판다이올, 향료",https://www.hwahae.co.kr/goods/75716?goods_tab=review_ingredients,15900,4.55,11110,https://img.hwahae.co.kr/commerce/goods/20260806_191136_composed-represent.png,,shampoo,토미울프 블랙밤부 샴푸
어게인미 비비 안티헤어로스 두피맑음 샴푸,400lm,모든피부용,"정제수, 다이소듐라우레스설포석시네이트, 소듐코코일이세티오네이트, 라우릴베타인, 글리세린, 라우릴하이드록시설테인, 향료, 데실글루코사이드, 글리세릴스테아레이트, 맥주효모추출물, 요엽후박나무껍질추출물, 브로콜리추출물, 양배추추출물, 생강추출물, 소듐하이알루로네이트, 소듐메틸코코일타우레이트, 소듐클로라이드, 폴리쿼터늄-7, 부틸렌글라이콜, 엘-멘톨, 트라이하이드록소스테아린, 폴리쿼터늄-47, 시트릭애씨드, 덱스판테놀, 다이포타슘글리시리제이트, 바이오틴, 피이지-150펜타에리스리틸테트라스테아레이트, 세틸알코올, 나이아신아마이드, 우레아, 트레할로오스, 1,2-헥산다이올, 세린, 펜틸렌글라이콜, 글리세릴폴리아크릴레이트, 다이소듐포스페이트, 알진, 카프릴릴글라이콜, 풀루란, 말토덱스트린, 하이드롤라이즈드식물성단백질, 에틸헥실글리세린, 포타슘포스페이트, 소듐벤조에이트, 살리실릭애씨드",https://www.hwahae.co.kr/goods/%EC%96%B4%EA%B2%8C%EC%9D%B8%EB%AF%B8-%EC%88%98%EB%B6%84%EC%9E%A5%EB%B2%BD-%EA%B0%95%ED%99%94-%ED%83%88%EB%AA%A8%EC%83%B4%ED%91%B8-%EC%96%B4%EA%B2%8C%EC%9D%B8%EB%AF%B8-%EB%B9%84%EB%B9%84-%EC%95%88%ED%8B%B0%ED%97%A4%EC%96%B4%EB%A1%9C%EC%8A%A4-%EB%91%90%ED%94%BC%EB%A7%91%EC%9D%8C-%EC%83%B4%ED%91%B8-400mL/77650?goods_tab=goods_info,29900,4.64,4080,https://img.hwahae.co.kr/commerce/goods/20260609_100354_%EC%8D%B8%EB%84%A4%EC%9D%BC_%EB%A7%91%EC%9D%8C.jpg,,shampoo,어게인미 비비 안티헤어로스 두피맑음 샴푸
안티헤어로스 프로비타민 B5 샴푸,300ml 2개,모든피부용,"정제수, 소듐C14-16올레핀설포네이트, 코카미도프로필베타인, 글리세린, 코카마이드미파, 바이오틴, 카페인, 캠퍼, 페퍼민트오일, 카파트라이펩타이드-1, 감추출물, 동백나무잎추출물, 캐롭열매추출물, 라벤더꽃추출물, 클레리추출물, 히아신스전초추출물, 보리지추출물, 수레국화꽃추출물, 마트리카리아꽃추출물, 로즈마리추출물, 병풀추출물, 타임추출물, 루이보스추출물, 라벤더추출물, 버지니아풍년화잎추출물, 포트마리골드꽃추출물, 케일잎추출물, 히솝추출물, 마늘추출물, 보리씨추출물, 검정콩추출물, 검은서양송로추출물, 검은깨추출물, 흑미추출물, 서양산딸기추출물, 토마토추출물, 앙까막까치밥나무열매추출물, 인삼추출물, 엘-멘톨, 살리실릭애씨드, 덱스판테놀(2,000ppm), 아세로라추출물, 시트릭애씨드, 폴리쿼터늄-10, 변성알코올, 소듐클로라이드, 부틸렌글라이콜, 1,2-헥산다이올, 하이드록시아세토페논, 에틸헥실글리세린, 소듐벤조에이트, 다이소듐이디티에이, 향료, 리모넨",https://www.hwahae.co.kr/goods/%EC%97%90%EC%9E%87%EA%B7%B8%EB%A1%9C%EC%9A%B0-%EC%95%88%ED%8B%B0%ED%97%A4%EC%96%B4%EB%A1%9C%EC%8A%A4-%ED%94%84%EB%A1%9C%EB%B9%84%ED%83%80%EB%AF%BC-B5-%EC%83%B4%ED%91%B8-300ml-2%EA%B0%9C%EC%9E%85/76476?goods_tab=goods_info,41900,4.52,3930,https://img.hwahae.co.kr/commerce/goods/20260312_161846_%ED%99%94%ED%95%B4_%EC%83%B4%ED%91%B8_2%EA%B0%9C.jpg,,shampoo,안티헤어로스 프로비타민 B5 샴푸
스카비올 손상모 개선 탈모 증상 완화 단백질 샴푸,500 ml e 16.9 fl. oz.,탈모용,"정제수, 코카미도프로필하이드록시설테인, 소듐코코일알라니네이트, 코카마이드미파, 소듐클로라이드, 소듐메틸코코일타우레이트, 글리세린, 카페인, 향료, 소듐벤조에이트, 폴리쿼터늄-10, 피피지-3미리스틸에터, 카프릴릴글라이콜, 아크릴레이트코폴리머, 시트릭애씨드, 부틸렌글라이콜, 하이드롤라이즈드식물성단백질, 다이소듐이디티에이, 1,2-헥산다이올, 에틸헥실글리세린, 스트렙토코쿠스 테르모필루스발효물, 줄맨드라미씨추출물, 콘민트잎추출물, 하이드롤라이즈드익스텐신, 옥수수전분, 소듐하이알루로네이트, 산구절초추출물, 미로탐누스 플라벨리폴리아캘러스배양추출물, 스페인감초뿌리추출물, 글루코노락톤, 페녹시에탄올, 서양측백나무잎추출물, 구기자추출물, 창포뿌리추출물, 도꼬마리열매추출물, 인삼추출물, 뽕나무뿌리추출물, 페네틸알코올, 벤질알코올, 포타슘솔베이트, 바이오틴, 티아민에이치씨엘, 리보플라빈, 레티놀, 피리독신, 메나다이온, 폴릭애씨드, 사이아노코발아민, 녹차카테킨, 칼슘글루코네이트, 바이오플라보노이드, 완두콩펩타이드, 토코페롤",https://www.hwahae.co.kr/goods/%EC%8A%A4%EC%B9%B4%EB%B9%84%EC%98%AC-%ED%83%88%EB%AA%A8%EC%A6%9D%EC%83%81%EC%99%84%ED%99%94-%EB%8B%A8%EB%B0%B1%EC%A7%88-%EC%83%B4%ED%91%B8-500ml/75915?goods_tab=goods_info&utm_source=internal&utm_medium=hwahae,19900,4.56,4070,https://img.hwahae.co.kr/commerce/goods/20260722_104030_500ml_1%EC%A2%85_%EB%8B%A8%EB%B0%B1%EC%A7%88.jpg,,shampoo,스카비올 손상모 개선 탈모 증상 완화 단백질 샴푸
소나엘 퓨어 리셋 샴푸,440ml,모든두피용,"정제수, 소듐코코일알라니네이트, 라우릴베타인, 글리세린, 코카마이드미파, 소듐코코일이세티오네이트, 부틸렌글라이콜, 포타슘라우레스-5카복실레이트, 판테놀, 나이아신아마이드, 락토바실러스발효물, 백미꽃추출물, 비피다발효여과물, 귀리씨추출물, 소듐하이알루로네이트, 캐모마일꽃추출물, 병풀추출물, 쇠비름추출물, 연꽃꽃추출물, 코코-글루코사이드, 하이드록시에틸우레아, 소듐클로라이드, 카프릴릴글라이콜, 데실글루코사이드, 시트릭애씨드, 폴리쿼터늄-10, 펜틸렌글라이콜, 하이드록시아세토페논, 1,2-헥산다이올, 다이소듐이디티에이",https://www.hwahae.co.kr/goods/%EC%86%8C%EB%82%98%EC%97%98-%ED%93%A8%EC%96%B4-%EB%A6%AC%EC%85%8B-%EC%83%B4%ED%91%B8-440ml/78838?goods_tab=goods_info,28900,4.58,3080,https://img.hwahae.co.kr/commerce/goods/20260729_181141_KakaoTalk_20260729_175746221.png,,shampoo,소나엘 퓨어 리셋 샴푸
아토팜 매터니티 케어 스칼프 테라피 샴푸 460mlPLUS460ml,460ml 2개,모든피부용,"정제수, 다이소듐라우레스설포석시네이트, 라우릴글루코사이드, 라우릴베타인, 코카마이드미파, 소듐코코일이세티오네이트, 글리세린, 소듐클로라이드, 부틸렌글라이콜, 카프릴릴글라이콜, 시트릭애씨드, 구아하이드록시프로필트라이모늄클로라이드, 덱스판테놀, 폴리쿼터늄-10, 살리실릭애씨드, 에틸헥실글리세린, 나이아신아마이드, 프로필렌글라이콜라우레이트, 테트라소듐이디티에이, 스트렙토코쿠스 테르모필루스발효물, 왜당귀뿌리추출물, 호장근뿌리추출물, 칡뿌리추출물, 프로판다이올, 비스-올레아미도아이소프로필알코올, 라케모사승마뿌리추출물, 미리스토일/팔미토일옥소스테아라마이드/아라카마이드엠이에이, 석류추출물, 타이칡뿌리추출물, 피록톤올아민, 붉은토끼풀꽃추출물, 레시틴, 트로메타민, 1,2-헥산다이올, 바이오틴, 약모밀추출물, 소듐팔미토일사코시네이트, 향료",https://www.hwahae.co.kr/goods/%EC%95%84%ED%86%A0%ED%8C%9C-%EB%A7%A4%ED%84%B0%EB%8B%88%ED%8B%B0-%EC%BC%80%EC%96%B4-%EC%8A%A4%EC%B9%BC%ED%94%84-%ED%85%8C%EB%9D%BC%ED%94%BC-%EC%83%B4%ED%91%B8-460mlPLUS460ml/74361,42800,4.68,8920,https://img.hwahae.co.kr/commerce/goods/20260417_162810_%EC%8A%A4%EC%B9%BC%ED%94%84%ED%85%8C%EB%9D%BC%ED%94%BC%EC%83%B4%ED%91%B8.jpg,,shampoo,아토팜 매터니티 케어 스칼프 테라피 샴푸 PLUS
리모모 무향 두피가 편한 탈모완화 샴푸,500 g,모든두피용,"정제수, 소듐C14-16올레핀설포네이트, 코코-베타인, 글리세린, C12-13알케스-9, 카페인, 라우릴베타인, 포타슘벤조에이트, 폴리쿼터늄-67, 소듐클로라이드, 솔비톨, 겨우살이추출물, 1,2-헥산다이올, 부틸렌글라이콜, 코코-글루코사이드, 아크릴레이트코폴리머, 카프릴릴글라이콜, 시트릭애씨드, 에틸헥실글리세린, 데실글루코사이드, 다이소듐이디티에이",https://www.hwahae.co.kr/goods/78976?goods_tab=review_ingredients,29800,4.68,2020,https://img.hwahae.co.kr/commerce/goods/20260703_150806_composed-represent.png,,shampoo,리모모 무향 두피가 편한 탈모완화 샴푸
닥터올가 only화해 호호바 티트리 샴푸 1000g 대용량 기획 PLUS헤어롤 증정,1000g,모든 피부용,"알로에베라잎추출물,정제수,코코-글루코사이드,코코-베타인,포타슘코코일글리시네이트,포타슘코코에이트,글리세린, 펜틸렌글라이콜,글리세릴카프릴레이트,타타릭애씨드,프로판다이올,폴리쿼터늄-10,하수오뿌리추출물,구주소나무잎추출물, 코코넛야자열매추출물,부틸렌글라이콜,티트리잎오일(600PPM),호호바씨오일(200PPM),트레할로오스,쇠비름추출물,판테놀, 아르간커넬오일,살구씨오일,동백꽃추출물,1,2-헥산다이올,병풀추출물,식물성오일,감추출물,캐롭열매추출물,동백나무잎추출물, 토코페롤,시어버터",https://www.hwahae.co.kr/goods/%EB%8B%A5%ED%84%B0%EC%98%AC%EA%B0%80-only%ED%99%94%ED%95%B4-%ED%98%B8%ED%98%B8%EB%B0%94-%ED%8B%B0%ED%8A%B8%EB%A6%AC-%EC%83%B4%ED%91%B8-1000g-%EB%8C%80%EC%9A%A9%EB%9F%89-%EA%B8%B0%ED%9A%8D-PLUS%ED%97%A4%EC%96%B4%EB%A1%A4-%EC%A6%9D%EC%A0%95/71595,31500,4.29,102130,https://img.hwahae.co.kr/commerce/goods/20260817_100652_composed-represent.png,,shampoo,닥터올가 only화해 호호바 티트리 샴푸 PLUS헤어롤
헤어플러스 앰플 15ml 증정 단백질 본드 샴푸 1000ml 1PLUS1,1000ml 2개,모든 헤어 사용가능,"정제수, 다이소듐라우레스설포석시네이트, 코카미도프로필베타인, 라우라마이드디이에이, 코카마이드엠이에이, 하이드롤라이즈드밀단백질(30ppm), 폴리쿼터늄-7, 폴리쿼터늄-10, 실크가루, 누에고치추출물, 하이드롤라이즈드실크, 우유단백질추출물(0.3ppm), 하이드롤라이즈드쌀단백질(0.2ppm), 하이드롤라이즈드콩단백질(0.2ppm), 하이드롤라이즈드엘라스틴, 하이드롤라이즈드케라틴, 하이드롤라이즈드콜라겐, 케라틴아미노산, 알로에베라잎추출물, 판테놀, 아르간커넬오일, 시트릭애씨드, 알지닌, 베타인, 소듐피씨에이, 다이소듐이디티에이, 다이포타슘글리시리제이트, 살리실릭애씨드, 글라이콜릭애씨드, 소듐클로라이드, 부틸렌글라이콜, 소듐벤조에이트, 1,2-헥산다이올, 향료",https://www.hwahae.co.kr/goods/%ED%97%A4%EC%96%B4%ED%94%8C%EB%9F%AC%EC%8A%A4-%EC%95%B0%ED%94%8C-15ml-%EC%A6%9D%EC%A0%95-%EB%8B%A8%EB%B0%B1%EC%A7%88-%EB%B3%B8%EB%93%9C-%EC%83%B4%ED%91%B8-1000ml-1PLUS1/59294,31900,4.34,7720,https://img.hwahae.co.kr/commerce/goods/20260915_094515_composed-represent.png,,shampoo,헤어플러스 앰플 단백질 본드 샴푸 1PLUS1
[9월 올영픽/폼폼푸린] 청미정 다시마 샴푸 500ml 기획/단품 산리오 콜라보,"[본품] 다시마 샴푸 500ml [증정] 다시마 샴푸 20ml, 두피 브러쉬 1EA",모든 두피 사용,"정제수, 팜커넬/코코글루코사이드, 다시마추출물(3,930ppm), 락토바실러스/다시마잎/줄기추출물발효여과물(1,000ppm), 병풀추출물, 녹두씨추출물, 육계나무껍질추출물, 우엉뿌리추출물, 실크아미노산, 지황뿌리추출물, 산수유열매추출물, 참마뿌리추출물, 질경이택사덩이줄기추출물, 복령균핵추출물, 황금추출물, 모란뿌리추출물, 스페인감초뿌리추출물, 잔탄검, 소듐클로라이드, 시트릭애씨드, 콘민트오일, 오렌지껍질오일, 사과오일, 부틸렌글라이콜, 1,2-헥산다이올",https://www.oliveyoung.co.kr/store/goods/getGoodsDetail.do?goodsNo=A000000263648&dispCatNo=90000010009&trackingCd=Best_Sellingbest&t_page=%EB%9E%AD%ED%82%B9&t_click=%ED%8C%90%EB%A7%A4%EB%9E%AD%ED%82%B9_%ED%97%A4%EC%96%B4%EC%BC%80%EC%96%B4_%EC%83%81%ED%92%88%EC%83%81%EC%84%B8&t_number=8,23900,4.8,59570,https://image.oliveyoung.co.kr/cfimages/cf-goods/uploads/images/thumbnails/10/0000/0026/A00000026364815ko.png?l=ko,,shampoo,청미정 다시마 샴푸 / 산리오 콜라보
[4년연속1위] NEW라보에이치 두피강화샴푸 750ML+100ML[탈모증상완화],750ml / 750ml+100ml / 750ML+둡희키링증정(랜덤),모든피부,"정제수, 소듐코코일이세티오네이트, 다이소듐라우레스설포석시네이트, 라우릴베타인,글리세릴스테아레이트, 트라이하이드록시스테아린, 폴리쿼터늄-10, 카페인, 세틸알코올, 다이카프릴릴에터, 소듐벤조에이트, 소듐살리실레이트, 페퍼민트오일, 멘톨, 시트릭애씨드, 카프릴릴글라이콜, 카프릴릭/카프릭트라이글리세라이드, 스타아니스열매/씨오일, 로즈마리잎오일, 소듐시트레이트, 덱스트린, 연필향나무오일, 락토바실러스발효용해물, 콘민트오일, 리모넨, 프로판다이올, 유칼립투스잎오일, 글리세린, 캐모마일꽃오일, 향기제비꽃잎추출물, 1,2-헥산다이올, 바이오틴, 토코페롤, 바질오일, 검정콩오일, 에틸헥실글리세린, 하이드로제네이티드레시틴, 스쿠알란, 폴리글리세릴-10 펜타스테아레이트, 세라마이드엔피, 피토스핑고신, 펜틸렌글라이콜, 다이포타슘글리시리제이트, 하이드롤라이즈드디엔에이, 카놀라오일, 로즈마리잎추출물",https://www.oliveyoung.co.kr/store/goods/getGoodsDetail.do?goodsNo=A000000149501&t_page=%ED%86%B5%ED%95%A9%EA%B2%80%EC%83%89%EA%B2%B0%EA%B3%BC%ED%8E%98%EC%9D%B4%EC%A7%80&t_click=%EA%B2%80%EC%83%89%EC%83%81%ED%92%88%EC%83%81%EC%84%B8&t_search_name=%EC%83%B4%ED%91%B8&t_number=2&dispCatNo=1000001000400080001&trackingCd=Result_2,26900,4.8,266220,https://image.oliveyoung.co.kr/cfimages/cf-goods/uploads/images/thumbnails/10/0000/0014/A00000014950188ko.jpg?l=ko,,shampoo,라보에이치 두피강화샴푸
[대용량] 바이오가 바이오틴 손상모발개선 탈모완화 샴푸 돌콩배아 1000ml,1000ml,모든 두피 사용,"정제수, 소듐C14-16올레핀설포네이트, 다이소듐라우레스설포석시네이트, 라우릴베타인, 라우릴하이드록시설테인, 부틸렌글라이콜, 돌콩배아추출물, 소듐코코일이세티오네이트, 라우라마이드미파, 코코-글루코사이드, 카프릴릴글라이콜, 데실글루코사이드, 시트릭애씨드, 폴리쿼터늄-10, 프로판다이올, 1,2-헥산다이올, 소듐시트레이트, 트라이하이드록시스테아린, 폴리글리세릴-10아이소스테아레이트, 카프릴릭/카프릭트라이글리세라이드, 에틸헥실글리세린, 폴리글리세릴-10올리에이트, 바이오틴(500ppm), 소듐파이테이트, 토코페롤, 세테아릴알코올, 카페인, 포타슘솔베이트, 향료",https://www.oliveyoung.co.kr/store/goods/getGoodsDetail.do?goodsNo=A000000201277&t_page=%ED%86%B5%ED%95%A9%EA%B2%80%EC%83%89%EA%B2%B0%EA%B3%BC%ED%8E%98%EC%9D%B4%EC%A7%80&t_click=%EA%B2%80%EC%83%89%EC%83%81%ED%92%88%EC%83%81%EC%84%B8&t_search_name=%EC%83%B4%ED%91%B8&t_number=7&dispCatNo=1000001000400080001&trackingCd=Result_7,24750,4.8,86350,https://image.oliveyoung.co.kr/cfimages/cf-goods/uploads/images/thumbnails/10/0000/0020/A00000020127769ko.png?l=ko,,shampoo,바이오가 바이오틴 손상모발개선 탈모완화 샴푸 돌콩배아
[두피쿨링]폴미첼 티트리 스페셜 샴푸 1000ml (리뉴얼) [정수리냄새/기름기/각질케어],"1,000ml",모든헤어타입,정제수 소듐라우릴설페이트 소듐라우레스설페이트 코카마이드미파 향료 코카미도프로필베타인 올레아미도프로필베타인 티트리잎오일 프로필렌글라이콜 글라이콜스테아레이트 피이지-150다이스테아레이트 멘틸락테이트 아이소프로판올아민 글리세린 시트릭애씨드 소듐설페이트 테트라소듐이디티에이 판테놀 소듐클로라이드 소듐하이드록사이드 폴리쿼터늄-7 마그네슘나이트레이트 리모넨 리날룰 시트로넬올 메칠클로로이소치아졸리논 소듐벤조에이트 마그네슘클로라이드 메칠이소치아졸리논 황색4호 청색205호 비스아미노피이지/피피지-41/3아미노에틸피지-프로필다이메티콘 피이지-12다이메티콘 꽃생강뿌리추출물 밀배아오일 알로에베라추출물 캐모마일꽃추출물 호호바씨오일 로즈마리잎 노티드랙추출물 페녹시에탄올,"https://www.oliveyoung.co.kr/store/goods/getGoodsDetail.do?goodsNo=A000000206405&t_page=%ED%86%B5%ED%95%A9%EA%B2%80%EC%83%89%EA%B2%B0%EA%B3%BC%ED%8E%98%EC%9D%B4%EC%A7%80&t_click=%EA%B2%80%EC%83%89%EC%83%81%ED%92%88%EC%83%81%EC%84%B8&t_search_name=%EC%83%B4%ED%91%B8&t_number=8&dispCatNo=1000001000400080001,1000006000200030001,1000006000200030002&trackingCd=Result_8",40600,4.7,790,https://image.oliveyoung.co.kr/cfimages/cf-goods/uploads/images/thumbnails/10/0000/0020/A00000020640524ko.jpg?l=ko,,shampoo,폴미첼 티트리 스페셜 샴푸
[단독기획/탈모증상완화] 아로마티카 로즈마리 스칼프 스케일링 샴푸 400ml (단품/더블기획/리필),단품400ml/더블 400ml+400ml/리필 500ml/ 한정기획: 본품 400ml+증정 100ml,모든 두피,"정제수, 소듐코코일알라니네이트, 코코-베타인, 소듐라우로일이세티오네이트, 라우릴베타인, 소듐메틸올레오일타우레이트, 소듐클로라이드, 소듐메틸코코일타우레이트, 라우릴글루코사이드, 소듐코코일이세티오네이트, 라우릴하이드록시설테인, 하이드록시아세토페논, 로즈마리잎오일(4,630ppm), 로즈마리잎추출물(7.39ppm), 소나무잎추출물, 바질잎추출물, 오레가노잎추출물, 라우릭애씨드,시트릭애씨드, 다이소듐이디티에이, 덱스판테놀, 살리실릭애씨드,아틀라스시다나무껍질오일, 폴리쿼터늄-67, 소듐이세티오네이트, 분비나무오일, 솔잣나무오일, 나이아신아마이드, 에틸헥실글리세린, 벤조인나무수지추출물, 다이프로필렌글라이콜, 소듐아세테이트, 인도멀구슬나무잎추출물, 인도멀구슬나무꽃추출물, 아이소프로필알코올, 맥아추출물, 비피다발효용해물, 락토바실러스발효용해물, 아이비고드열매추출물, 호박가루, 가지열매추출물, 울금뿌리추출물, 홀리바질잎추출물, 참산호말추출물, 드럼스틱씨오일, 바이오틴,카페인, 생강추출물, 글리세린, 1,2-헥산다이올, 에탄올, *리모넨 *에센셜오일에서 자연적으로 발견되는 성분",https://www.oliveyoung.co.kr/store/goods/getGoodsDetail.do?goodsNo=A000000222695&t_page=%ED%86%B5%ED%95%A9%EA%B2%80%EC%83%89%EA%B2%B0%EA%B3%BC%ED%8E%98%EC%9D%B4%EC%A7%80&t_click=%EA%B2%80%EC%83%89%EC%83%81%ED%92%88%EC%83%81%EC%84%B8&t_search_name=%EC%83%B4%ED%91%B8&t_number=12&dispCatNo=1000001000400080001&trackingCd=Result_11_30,27900,4.8,67690,https://image.oliveyoung.co.kr/cfimages/cf-goods/uploads/images/thumbnails/10/0000/0022/A00000022269533ko.jpg?l=ko,,shampoo,아로마티카 로즈마리 스칼프 스케일링 샴푸
[대용량 단독기획 출시] 헤드앤숄더 프로페셔널 샴푸 470ml+미니80ml / 300ml*2+미니80ml 4종 택1,300 ml * 2 + 미니샴푸 80ml (증정) / 470 ml * 1 + 미니샴푸 80ml (증정),모든 두피 타입,"오일컨트롤샴푸: 정제수, 소듐라우레스설페이트, 소듐자일렌설포네이트, 소듐클로라이드, 소듐C10-15알케스설페이트, 향료, 소듐시트레이트, 피록톤올아민, 아크릴레이트코폴리머, 코카마이드엠이에이, 시트릭애씨드, 구아하이드록시프로필트라이모늄클로라이드, 멘톨, 소듐벤조에이트, 소듐살리실레이트, 테트라소듐이디티에이, 다이프로필렌글라이콜, 리모넨, 벤질살리실레이트, 콘민트오일, 페퍼민트오일, 청색1호, 적색227호 가려운두피케어샴푸:정제수, 소듐라우레스설페이트, 소듐자일렌설포네이트, 소듐클로라이드, 소듐C10-15알케스설페이트, 소듐시트레이트, 피록톤올아민, 아크릴레이트코폴리머, 향료, 코카마이드엠이에이, 시트릭애씨드, 구아하이드록시프로필트라이모늄클로라이드, 소듐벤조에이트, 소듐살리실레이트, 테트라소듐이디티에이, 리날룰, 리모넨, 헥실신남알, 제라니올, 하이드록시시트로넬알, 소듐하이알루로네이트, 청색1호, 황색4호 쿨멘솔 미니샴푸: 정제수, 소듐라우레스설페이트, 소듐자일렌설포네이트, 글라이콜다이스테아레이트, 소듐라우릴설페이트, 코카미도프로필베타인, 코카마이드엠이에이, 소듐시트레이트, 다이메티콘, 향료, 피록톤올아민, 소듐클로라이드, 시트릭애씨드, 소듐벤조에이트, 구아하이드록시프로필트라이모늄클로라이드, 헥실신남알, 리날룰, 테트라소듐이디티에이, 폴리쿼터늄-10, 스테아릴알코올, 세틸알코올, 리모넨, 하이드로클로릭애씨드, 메칠클로로이소치아졸리논/메칠이소치아졸리논(3:1), 청색1호, 적색227호 가려운두피케어 미니샴푸: 정제수, 소듐라우레스설페이트, 소듐자일렌설포네이트, 글라이콜다이스테아레이트, 소듐라우릴설페이트, 코카미도프로필베타인, 코카마이드엠이에이, 소듐시트레이트, 다이메티콘, 향료, 피록톤올아민, 소듐클로라이드, 시트릭애씨드, 멘톨, 소듐벤조에이트, 구아하이드록시프로필트라이모늄클로라이드, 테트라소듐이디티에이, 폴리쿼터늄-10, 스테아릴알코올, 세틸알코올, 헥실신남알, 콘민트잎/줄기오일, 페퍼민트꽃/잎/줄기오일, 하이드록시시트로넬알, 리날룰, 하이드로클로릭애씨드, 프로필렌글라이콜, 메칠클로로이소치아졸리논/메칠이소치아졸리논(3:1), 유칼립투스잎추출물",https://www.oliveyoung.co.kr/store/goods/getGoodsDetail.do?goodsNo=A000000228439&t_page=%ED%86%B5%ED%95%A9%EA%B2%80%EC%83%89%EA%B2%B0%EA%B3%BC%ED%8E%98%EC%9D%B4%EC%A7%80&t_click=%EA%B2%80%EC%83%89%EC%83%81%ED%92%88%EC%83%81%EC%84%B8&t_search_name=%EC%83%B4%ED%91%B8&t_number=13&dispCatNo=1000001000400080001&trackingCd=Result_11_30,22900,4.9,29880,https://image.oliveyoung.co.kr/cfimages/cf-goods/uploads/images/thumbnails/10/0000/0022/A00000022843951ko.jpg?l=ko,,shampoo,헤드앤숄더 프로페셔널 샴푸 +미니 / *2+미니
[비듬/각질케어]릴리이브 스칼프턴 시카 PDRN 딥클린 샴푸 500g 2종 택1,본품 500g 증정용 100g,시카PDRN과 3가지 나노 엑소좀을 함유하여 지성 및 문제성 두피의 비듬과 가려움을 개선해주는 탈모 증상 완화 샴푸,"정제수, 소듐C14-16올레핀설포네이트, 코카미도프로필베타인, 멘톨, 콘민트추출물, 유칼립투스잎추출물, 영하구기자추출물, 알로에베라잎추출물, 몰로키아잎추출물, 레몬그라스추출물, 다시마추출물, 녹두추출물, 검정콩추출물, 가자열매추출물, 에리스리톨, 캐롭열매추출물, 동백나무잎추출물, 감추출물, 칡뿌리추출물, 대왕소나무잎추출물, 당느릅나무뿌리추출물, 달맞이꽃꽃추출물, 인도멀구슬나무잎추출물, 인도멀구슬나무꽃추출물, 하수오뿌리추출물, 약모밀추출물, 락토바실러스발효물, 살리실릭애씨드, 덱스판테놀, 나이아신아마이드, 코카마이드엠이에이, 소듐클로라이드, 소듐벤조에이트, 글리세린, 시트릭애씨드, 폴리쿼터늄-10, 피피지-3카프릴릴에터, 다이소듐이디티에이, 구아하이드록시프로필트라이모늄클로라이드, 부틸렌글라이콜, 피록톤올아민, 메틸프로판다이올, 클림바졸, 1,2-헥산다이올, 글리세릴카프릴레이트, 사이클로덱스트린, 락틱애씨드, 병풀추출물(100ppb), 소듐디엔에이(100ppb), 에틸헥실글리세린, 소듐하이알루로네이트, 하이드롤라이즈드하이알루로닉애씨드, 카프릴릭/카프릭트라이글리세라이드, 하이드로제네이티드레시틴, 콜레스테롤, 소듐아세틸레이티드하이알루로네이트, 향료",https://www.oliveyoung.co.kr/store/goods/getGoodsDetail.do?goodsNo=A000000235186&t_page=%ED%86%B5%ED%95%A9%EA%B2%80%EC%83%89%EA%B2%B0%EA%B3%BC%ED%8E%98%EC%9D%B4%EC%A7%80&t_click=%EA%B2%80%EC%83%89%EC%83%81%ED%92%88%EC%83%81%EC%84%B8&t_search_name=%EC%83%B4%ED%91%B8&t_number=18&dispCatNo=1000001000400080001&trackingCd=Result_11_30,21800,4.9,21660,https://image.oliveyoung.co.kr/cfimages/cf-goods/uploads/images/thumbnails/10/0000/0023/A00000023518628ko.jpg?l=ko,,shampoo,릴리이브 스칼프턴 시카 PDRN 딥클린 샴푸
[카이스트특허기술] 그래비티 헤어리프팅 샴푸 엑스트라 스트롱 475ml 기획(+50ml증정),475ml/증정 50ml,모든 두피 타입,"정제수, 소듐C14-16올레핀설포네이트, 다이소듐라우레스설포석시네이트, 글리세린, 소듐코코일이세티오네이트, 라우릴하이드록시설테인, 라우릴글루코사이드, 1,2-헥산다이올, 부틸렌글라이콜, 소듐클로라이드, 피피지-3카프릴릴에터, 탄닉애씨드구아하이드록시프로필트라이모늄클로라이드, 판테놀, 살리실릭애씨드, 폴리쿼터늄-10, 카프릴릴글라이콜, 시트릭애씨드나이아신아마이드, 에틸헥실글리세린, 멘톨, 하이드롤라이즈드케라틴, 폴리비닐알코올, 알진, 바이오틴, 실크, 향료",https://www.oliveyoung.co.kr/store/goods/getGoodsDetail.do?goodsNo=A000000217893&t_page=%ED%86%B5%ED%95%A9%EA%B2%80%EC%83%89%EA%B2%B0%EA%B3%BC%ED%8E%98%EC%9D%B4%EC%A7%80&t_click=%EA%B2%80%EC%83%89%EC%83%81%ED%92%88%EC%83%81%EC%84%B8&t_search_name=%EC%83%B4%ED%91%B8&t_number=21&dispCatNo=1000001000400080001&trackingCd=Result_11_30&tab=product-info,34960,4.8,29700,https://image.oliveyoung.co.kr/cfimages/cf-goods/uploads/images/thumbnails/10/0000/0021/A00000021789323ko.jpg?l=ko,,shampoo,그래비티 헤어리프팅 샴푸 엑스트라 스트롱
[손상모/단백질 샴푸] 그로우어스 데미지 테라피 샴푸 500ml 단품/기획,500ml + 500ml,모든피부용,"정제수, 소듐라우레스설페이트, 코카미도프로필베타인, 암모늄라우릴설페이트, 글라이콜다이스테아레이트, 소듐클로라이드, 1,2-헥산다이올, 향료, 글리세린, 부틸렌글라이콜, 덱스판테놀, 살리실릭애씨드, 나이아신아마이드, 사이아노코발아민, 동백나무씨추출물, 두날리엘라 살리나추출물, 클로렐라발효물, 겔리듐 카르틸라기네움추출물, 꼬시래기추출물, 바다포도추출물, 스피룰리나 플라텐시스추출물, 아이리쉬모스추출물, 진주추출물, 콜라겐추출물, 클로렐라 불가리스추출물, 말토덱스트린, 키토산, 하이드롤라이즈드콜라겐, 콜라겐아미노산, 소듐소이하이드롤라이즈드콜라겐, 수용성콜라겐, 징크하이드롤라이즈드콜라겐, 콜라겐, 코카마이드엠이에이, 폴리쿼터늄-10, 에틸헥실글리세린, 소듐벤조에이트, 다이소듐이디티에이, 시트로넬올, 제라니올, 리날룰",https://www.oliveyoung.co.kr/store/goods/getGoodsDetail.do?goodsNo=A000000248786&t_page=%ED%86%B5%ED%95%A9%EA%B2%80%EC%83%89%EA%B2%B0%EA%B3%BC%ED%8E%98%EC%9D%B4%EC%A7%80&t_click=%EA%B2%80%EC%83%89%EC%83%81%ED%92%88%EC%83%81%EC%84%B8&t_search_name=%EC%83%B4%ED%91%B8&t_number=25&dispCatNo=1000001000400080001&trackingCd=Result_11_30,27800,4.7,53400,https://image.oliveyoung.co.kr/cfimages/cf-goods/uploads/images/thumbnails/10/0000/0024/A00000024878634ko.jpg?l=ko,,shampoo,그로우어스 데미지 테라피 샴푸
[수부지 두피샴푸&정수리냄새케어] 로레알파리 히알루론산 두피앰플샴푸 440ml 단품/기획 (약산성),440ml,모든 모발용,"[히알루로닉 플럼프 에어리 샴푸(본품,증정 동일)] 정제수 소듐라우레스설페이트 시트릭애씨드 코카미도프로필베타인 암모늄하이드록사이드 향료 헥실렌글라이콜 자색401호 락틱애씨드 소듐벤조에이트 소듐클로라이드 소듐하이드록사이드 소듐하이알루로네이트(0.001%) 폴리쿼터늄-10 살리실릭애씨드 멘톨 벤질살리실레이트 벤질알코올 리날룰 프로필렌글라이콜 피록톤올아민 헥실신남알",https://www.oliveyoung.co.kr/store/goods/getGoodsDetail.do?goodsNo=A000000230510&t_page=%ED%86%B5%ED%95%A9%EA%B2%80%EC%83%89%EA%B2%B0%EA%B3%BC%ED%8E%98%EC%9D%B4%EC%A7%80&t_click=%EA%B2%80%EC%83%89%EC%83%81%ED%92%88%EC%83%81%EC%84%B8&t_search_name=%EC%83%B4%ED%91%B8&t_number=26&dispCatNo=1000001000400080001&trackingCd=Result_11_30,18900,4.8,8190,https://image.oliveyoung.co.kr/cfimages/cf-goods/uploads/images/thumbnails/10/0000/0023/A00000023051033ko.jpg?l=ko,,shampoo,로레알파리 히알루론산 두피앰플샴푸
[모발탄력]박준뷰티랩 LPP 단백질 샴푸 플러스 1000ml 데미지 리페어 손상모 딥클렌징 미용실용,1000ml,모든헤어타입,"정제수, 소듐C14-16올레핀설포네이트, 글리세린, 코코-베타인, 하이드롤라이즈드콜라겐, 소듐라우레스설포석시네이트, 페녹시에탄올, 데실글루코사이드, 다이소듐이디티에이, 폴리쿼터늄-10, 알란토인, 시트릭애씨드, 소듐클로라이드, 하이드롤라이즈드케라틴, 하이드롤라이즈드보리단백질, 하이드롤라이즈드옥수수단백질, 하이드롤라이즈드감자단백질, 하이드롤라이즈드쌀단백질, 하이드롤라이즈드쌀겨단백질, 하이드롤라이즈드콩단백질, 하이드롤라이즈드귀리단백질, 하이드롤라이즈드완두콩단백질, 하이드롤라이즈드밀단백질, 하이드롤라이즈드스위트아몬드단백질, 백미꽃추출물, 알지닌, 류신, 트립토판, 라이신, 아이소류신, 트레오닌, 메티오닌, 히스티딘, 아스파라진, 알라닌, 프롤린, 글루타믹애씨드, 글루타민, 글라이신, 발린, 페닐알라닌, 아스파틱애씨드, 타이로신, 세린, 시스틴, 소듐아세테이트, 아이소프로필알코올, 소듐벤조에이트, 향료",https://www.oliveyoung.co.kr/store/goods/getGoodsDetail.do?goodsNo=A000000149734&t_page=%ED%86%B5%ED%95%A9%EA%B2%80%EC%83%89%EA%B2%B0%EA%B3%BC%ED%8E%98%EC%9D%B4%EC%A7%80&t_click=%EA%B2%80%EC%83%89%EC%83%81%ED%92%88%EC%83%81%EC%84%B8&t_search_name=%EC%83%B4%ED%91%B8&t_number=27&dispCatNo=1000001000400080001&trackingCd=Result_11_30,17800,4.8,47760,https://image.oliveyoung.co.kr/cfimages/cf-goods/uploads/images/thumbnails/10/0000/0014/A00000014973445ko.png?l=ko,,shampoo,박준뷰티랩 LPP 단백질 샴푸 플러스 데미지 리페어 손상모 딥클렌징 미용실용
"앤허니 모이스트 샴푸 440ml 2종 택1(딥, 멜티)",440ml,모든 피부타입,"1. 앤허니 딥 모이스트 샴푸 1.0 ""정제수, 라우라미도프로필베타인, 소듐 C14-16 올레핀설포네이트, 소듐라우로일메틸아미노프로피오네이트, 글리세린, 코카마이드디이에이, 티이에이-코코일글루타메이트, 향료, 폴리쿼터늄-10, 미리스틸베타인, 소듐벤조에이트, 페녹시에탄올, 시트릭 애씨드, 다이소듐이디티에이, 폴리쿼터늄-47, 멘톨, 캐러멜, 꿀, 알지닌, 판테놀, 아르간커넬오일, 시어버터글리세레스-8에스터, 부틸 렌글라이콜, 마그네슘나이트레이트, 글루코노박터/꿀발효여과물, 피피지-7, 아카시아세네갈검, 꿀추출물, 코코-글루코사이드, 케라틴, 하이드롤라이즈드꿀단백질, 마그네슘클로라이드, 로얄젤리추출물, 프로폴리스추출물, 메틸클로로아이소티아졸리논, 하이드롤라이즈드실크, 하이드록시프로필트라이모늄하이알루로네이트, 메틸아이소티아졸리논, 작약꽃추출물, 포타슘솔베이트"" 2. 앤허니 멜티 모이스트 샴푸 1.0 정제수, 라우라미도프로필베타인, 소듐C14-16올레핀설포네이트, 소듐라우로일메틸아미노프로피오네이트, 글리세린, 코카마이드메틸엠이에이, 티이에이-코코일글루타메이트, 향료, 폴리쿼터늄-10, 소듐벤조에이트, 미리스틸베타인, 시트릭애씨드, 페녹시에탄올, 다이소듐이디티에이, 폴리쿼터늄-47, 멘톨, 에칠헥실메톡시신나메이트, 디에칠아미노하이드록시벤조일헥실벤조 에이트, 알지닌, 다마스크장미꽃수, 아르간커넬오일, 시어버터글리세레스-8에스터, 다이에틸세바케이트, 꿀, 피피지-7, 하이드 롤라이즈드케라틴, 부틸렌글라이콜, 황색4호, 하이드롤라이즈드꿀단백질, 적색227호, 케라틴, 글루코노박터/꿀발효여과물, 꿀추출물, 코코-글루코사이드, 로얄젤리추출물, 감마-도코사락톤, 프로폴리스추출물",https://www.oliveyoung.co.kr/store/goods/getGoodsDetail.do?goodsNo=A000000248664&t_page=%ED%86%B5%ED%95%A9%EA%B2%80%EC%83%89%EA%B2%B0%EA%B3%BC%ED%8E%98%EC%9D%B4%EC%A7%80&t_click=%EA%B2%80%EC%83%89%EC%83%81%ED%92%88%EC%83%81%EC%84%B8&t_search_name=%EC%83%B4%ED%91%B8&t_number=28&dispCatNo=1000001000400080001&trackingCd=Result_11_30,19900,4.9,6850,https://image.oliveyoung.co.kr/cfimages/cf-goods/uploads/images/thumbnails/10/0000/0024/A00000024866412ko.png?l=ko,,shampoo,앤허니 모이스트 샴푸
[한정기획] 프롬랩스 단백질 흡착 샴푸 500ml (1회만에 손상모 개선),500ml,모든 모발에 사용,"정제수, 소듐C14-16올레핀설포네이트, 코코-베타인, 소듐코코일알라니네이트, 다이소듐라우레스설포석시네이트, 소듐클로라이드, 글리세린, 향료, 다이에톡시에틸석시네이트, 코카마이드메틸엠이에이, 소듐벤조에이트, 시트릭애씨드, 헥사데센, 테트라데센, 폴리쿼터늄-67, 폴리쿼터늄-10, 에틸헥실글리세린, 소듐글루코네이트, 부틸렌글라이콜, 소듐아세테이트, 하이드롤라이즈드케라틴(20ppm), 아이소프로필알코올, 프로판다이올, 1,2-헥산다이올, 알지닌, 글리세릴올리에이트, 하이드롤라이즈드콜라겐, 하이드로제네이티드레시틴,하이드롤라이즈드실크, 폴리쿼터늄-22, 라우릴글루코사이드, 미리스틸글루코사이드, 폴리글리세릴-6라우레이트, 하이드롤라이즈드콩단백질(0.3001ppm), 하이드롤라이즈드밀단백질(0.3ppm), 하이드롤라이즈드옥수수단백질(0.3ppm), 토코페롤, 잔탄검, 시스테인, 시스틴, 메티오닌, 소듐하이알루로네이트, 다이메틸실란올하이알루로네이트, 하이알루로닉애씨드, 하이드롤라이즈드하이알루로닉애씨드,하이드롤라이즈드소듐하이알루로네이트, 귀리단백질추출물(0.1ppb),하이드롤라이즈드쌀단백질(0.1ppb), 하이드롤라이즈드참깨단백질(0.1ppb), 하이드롤라이즈드보리단백질(0.1ppb), 포타슘하이알루로네이트, 하이드록시프로필트라이모늄하이알루로네이트, 소듐하이알루로네이트크로스폴리머, 소듐하이알루로네이트다이메틸실란올, 소듐아세틸레이티드하이알루로네이트, 헥실신남알, 시트로넬올, 제라니올,리날룰",https://www.oliveyoung.co.kr/store/goods/getGoodsDetail.do?goodsNo=A000000239680&t_page=%ED%86%B5%ED%95%A9%EA%B2%80%EC%83%89%EA%B2%B0%EA%B3%BC%ED%8E%98%EC%9D%B4%EC%A7%80&t_click=%EA%B2%80%EC%83%89%EC%83%81%ED%92%88%EC%83%81%EC%84%B8&t_search_name=%EC%83%B4%ED%91%B8&t_number=29&dispCatNo=1000001000400080001&trackingCd=Result_11_30,18900,4.9,7010,https://image.oliveyoung.co.kr/cfimages/cf-goods/uploads/images/thumbnails/10/0000/0023/A00000023968018ko.png?l=ko,,shampoo,프롬랩스 단백질 흡착 샴푸
[손상케어] 케라스타즈 방 포스 아키텍트 샴푸 500ml (기획/단품/리필),500ml,손상 모발용,"정제수 소듐라우레스설페이트 다이소듐코코암포다이아세테이트 글라이콜다이스테아레이트 헥실렌글라이콜 소듐라우릴설페이트 소듐클로라이드 시트릭애씨드 소듐벤조에이트 소듐하이드록사이드 코코-베타인 하이드록시프로필구아하이드록시프로필트라이모늄클로라이드 변성알코올 폴리쿼터늄-30 살리실릭애씨드 카보머 아밀신남알 헥실신남알 벤질알코올 리날룰 하이드록시시트로넬알 시트로넬올 리모넨 2-올레아미도-1,3-옥타데칸다이올 벤질신나메이트 세틸알코올 글리세린 베헨트라이모늄메토설페이트 쿼터늄-33 트레할로오스 타마린드씨폴리사카라이드 페녹시에탄올 미로탐누스 플라벨리폴리아잎추출물 다이소듐포스페이트 향료","https://www.oliveyoung.co.kr/store/goods/getGoodsDetail.do?goodsNo=A000000212146&t_page=%ED%86%B5%ED%95%A9%EA%B2%80%EC%83%89%EA%B2%B0%EA%B3%BC%ED%8E%98%EC%9D%B4%EC%A7%80&t_click=%EA%B2%80%EC%83%89%EC%83%81%ED%92%88%EC%83%81%EC%84%B8&t_search_name=%EC%83%B4%ED%91%B8&t_number=31&dispCatNo=1000001000400080001,1000006000100040001&trackingCd=Result_31_60",51590,4.8,4240,https://image.oliveyoung.co.kr/cfimages/cf-goods/uploads/images/thumbnails/10/0000/0021/A00000021214662ko.jpg?l=ko,,shampoo,케라스타즈 방 포스 아키텍트 샴푸
[세럼샴푸]피노 프리미엄 터치 샴푸 550ml 기획 (+3일 키트),550mL +(15g*3ea )+(0.6ml*3ea),모든 타입,"정제수, 소듐라우레스설페이트, 코카미도프로필베타인, 소듐타우린코코일메틸타우레이트, 글라이콜다이스테아레이트, 솔비톨, 소듐설페이트, 피이지-2라우레이트, 향료, 다이프로필렌글라이콜, 페녹시에탄올, 소듐메틸코코일타우레이트, 구아하이드록시프로필트라이모늄클로라이드, 소듐벤조에이트, 다이메티콘올, 살리실릭애씨드, 스쿠알란, 다이소듐이디티에이, 프로필트라이모늄클로라이드아크릴아마이드/다이메틸아크릴아마이드코폴리머, 시트릭애씨드, 폴리쿼터늄-10, 피씨에이, 부틸렌글라이콜, 소듐라우릴설페이트, 로얄젤리추출물, 리날룰, 헥실신남알, 벤질벤조에이트, 알파-아이소메틸아이오논, 시트로넬올, 리모넨",https://www.oliveyoung.co.kr/store/goods/getGoodsDetail.do?goodsNo=A000000250332&t_page=%ED%86%B5%ED%95%A9%EA%B2%80%EC%83%89%EA%B2%B0%EA%B3%BC%ED%8E%98%EC%9D%B4%EC%A7%80&t_click=%EA%B2%80%EC%83%89%EC%83%81%ED%92%88%EC%83%81%EC%84%B8&t_search_name=%EC%83%B4%ED%91%B8&t_number=32&dispCatNo=1000001000400080001&trackingCd=Result_31_60,12300,4.8,15010,https://image.oliveyoung.co.kr/cfimages/cf-goods/uploads/images/thumbnails/10/0000/0025/A00000025033203ko.jpg?l=ko,,shampoo,피노 프리미엄 터치 샴푸
[풍성한거품&윤기케어] 로레알파리 광채샴푸 글라이콜릭 글로스 440ml(+여행용 미니증정),440ml,모든 모발용,1243651 G 정제수 소듐라우레스설페이트 코카미도프로필베타인 소듐클로라이드 다이메티콘 헥실렌글라이콜 시트릭애씨드 다이메티콘올 소듐벤조에이트 카보머 소듐하이드록사이드 하이드록시프로필구아하이드록시프로필트라이모늄클로라이드 아모다이메티콘 알란토인 멘톨 살리실릭애씨드 트라이데세스-10 글라이콜다이스테아레이트 글루코노락톤 하이드록시프로필메틸셀룰로오스 폴리쿼터늄-67 마이카 티이에이-도데실벤젠설포네이트 피이지-100스테아레이트 헥실신남알 스테아레스-6 코코-베타인 티타늄디옥사이드 리날룰 트라이데세스-3 페녹시에탄올 리모넨 글라이콜릭애씨드(0.0091%) 하이드록시시트로넬알 아세틱애씨드 글리세린 클로페네신 적색227호 소듐피씨에이 소듐락테이트 황색4호 토르말린 알지닌 아스파틱애씨드 피씨에이 자몽추출물 글라이신 알라닌 하이드롤라이즈드진주 세린 발린 포타슘솔베이트 트레오닌 아이소류신 프롤린 페닐알라닌 히스티딘 소르빅애씨드 향료,https://www.oliveyoung.co.kr/store/goods/getGoodsDetail.do?goodsNo=A000000255772&t_page=%ED%86%B5%ED%95%A9%EA%B2%80%EC%83%89%EA%B2%B0%EA%B3%BC%ED%8E%98%EC%9D%B4%EC%A7%80&t_click=%EA%B2%80%EC%83%89%EC%83%81%ED%92%88%EC%83%81%EC%84%B8&t_search_name=%EC%83%B4%ED%91%B8&t_number=33&dispCatNo=1000001000400080001&trackingCd=Result_31_60,17900,4.8,2890,https://image.oliveyoung.co.kr/cfimages/cf-goods/uploads/images/thumbnails/10/0000/0025/A00000025577220ko.jpg?l=ko,,shampoo,로레알파리 광채샴푸 글라이콜릭 글로스
[두피활력 & 모발강화] 클로란 퀴닌 에델바이스 샴푸 더블 기획 (400ml 2입기획),400ml+400ml,약해진 두피 · 힘없는 모발용,"정제수, 다이소듐라우레스설포석시네이트, 피이지-120메틸글루코스디올리에이트, 라우릴베타인, 라우레스-3, 말레익애씨드, 피이지-40하이드로제네이티드캐스터오일, 키나나무껍질추출물(0.0097%),에델바이스꽃/잎추출물(0.00375%), 카페인, 바이오틴, 나이아신아마이드, 판테놀, 에탄올, 청색1호(CI42090), 카프릴릴글라이콜, 시트릭애씨드, 향료, 글리세린, 녹색3호(CI42053), 판토락톤, 폴리쿼터늄-22, 포타슘솔베이트, 피리독신에이치씨엘, 적색227호(CI17200), 소듐벤조에이트, 소듐클로라이드, 토코페롤, 황색5호(CI15985)",https://www.oliveyoung.co.kr/store/goods/getGoodsDetail.do?goodsNo=A000000157783&t_page=%ED%86%B5%ED%95%A9%EA%B2%80%EC%83%89%EA%B2%B0%EA%B3%BC%ED%8E%98%EC%9D%B4%EC%A7%80&t_click=%EA%B2%80%EC%83%89%EC%83%81%ED%92%88%EC%83%81%EC%84%B8&t_search_name=%EC%83%B4%ED%91%B8&t_number=38&dispCatNo=1000001000400080001&trackingCd=Result_31_60,26900,4.6,80490,https://image.oliveyoung.co.kr/cfimages/cf-goods/uploads/images/thumbnails/10/0000/0015/A00000015778361ko.jpg?l=ko,,shampoo,클로란 퀴닌 에델바이스 샴푸
[1등비듬샴푸]라우쉬 콜츠푸트 안티-댄드러프 샴푸 200ml 2입기획,200ml+200ml,비듬 가려움 각질 두피,"정제수, 소듐라우레스설페이트*, 코코-베타인, 피이지-150, 포타슘운데실레노일하이드롤라이즈드콩단백질, 분홍바늘꽃추출물, 관동화잎추출물(340ppm), 우엉뿌리추출물, 피록톤올아민, 살리실릭애씨드, 글리세린, 다이소듐운데실렌아미도엠이에이-설포석시네이트, 라우레스-2, 변성알코올, 소듐클로라이드, 시트릭애씨드, 포타슘솔베이트, 소듐벤조에이트, 향료, 황색203호, 적색504호, 청색1호 *코코넛 유래 클렌징 성분 함유",https://www.oliveyoung.co.kr/store/goods/getGoodsDetail.do?goodsNo=A000000236700&t_page=%ED%86%B5%ED%95%A9%EA%B2%80%EC%83%89%EA%B2%B0%EA%B3%BC%ED%8E%98%EC%9D%B4%EC%A7%80&t_click=%EA%B2%80%EC%83%89%EC%83%81%ED%92%88%EC%83%81%EC%84%B8&t_search_name=%EC%83%B4%ED%91%B8&t_number=46&dispCatNo=1000001000400080001&trackingCd=Result_31_60,28800,4.9,20580,https://image.oliveyoung.co.kr/cfimages/cf-goods/uploads/images/thumbnails/10/0000/0023/A00000023670016ko.jpg?l=ko,,shampoo,라우쉬 콜츠푸트 안티-댄드러프 샴푸 2입
[스케일러 짝꿍템] 솔랩 헤어루트 코어 밸런싱 샴푸 400ml,400ml,일반 피부용 (탈모 증상 완화 기능성 화장품),"정제수, 다이소듐라우레스설포석시네이트, 글리세린, 라우릴글루코사이드, 코카마이드미파, 라우라미도프로필베타인, 포타슘코코일글리시네이트, 코카미도프로필하이드록시설테인, C12-13파레스-9, 소듐라우로일메틸아미노프로피오네이트, 글리세릴글루코사이드, 소듐벤조에이트, 멘톨, 소듐클로라이드, 카프릴릴글라이콜, 시트릭애씨 드, 살리실릭애씨드, 덱스판테놀(판테놀), 오렌지껍질오일, 폴리쿼터늄-10, 베르가모트오일, 나이아신아마이드, 필리핀오렌지껍질오일, 폴리쿼터늄-7, 다이소듐이디티에이, 부틸렌글라이콜, 멕시칸주니퍼오일, 아이소프로판올아민, 광곽향오일, 에탄올, 레몬껍질오일, 황련뿌리추출물, 트리스(테트라메틸하이드록시피페리딘올)시트레이트, 스피어민 트잎오일, 덱스트린, 바이오틴, 시스테인, 카페인, 토코페릴아세테이트, 치자추출물, 1,2-헥산다이올, 고삼뿌리추출물, 밤부사 불가리스추출물, 뽕나무껍질추출물, 소나무잎추출물, 편백잎추출물, 황금추출물, 측백나무추출물, 에틸헥실글리세린, 알로에베라잎추출물, 오미자추출물, 코치닐선인장열매추출물, 카퍼트라이펩타이드-1, 꽃송이버섯추출물, 밀리타리스동충하초추출물, 리모넨, 리날릴아세테이트, 피넨, 리날룰",https://www.oliveyoung.co.kr/store/goods/getGoodsDetail.do?goodsNo=A000000253548&t_page=%ED%86%B5%ED%95%A9%EA%B2%80%EC%83%89%EA%B2%B0%EA%B3%BC%ED%8E%98%EC%9D%B4%EC%A7%80&t_click=%EA%B2%80%EC%83%89%EC%83%81%ED%92%88%EC%83%81%EC%84%B8&t_search_name=%EC%83%B4%ED%91%B8&t_number=30&dispCatNo=1000001000400080001&trackingCd=Result_11_30,50150,4.6,650,https://image.oliveyoung.co.kr/cfimages/cf-goods/uploads/images/thumbnails/10/0000/0025/A00000025354811ko.jpg?l=ko,,shampoo,솔랩 헤어루트 코어 밸런싱 샴푸
[올영단독/증량기획] 하아르 닥터란 탈모증상완화 샴푸 500ML 단품 / 기획,단품 : 500ml / 기획 500ml+300ml,모든 피부 타입,"정제수, 다이소듐라우레스설포석시네이트, 글리세린, 에탄올, 라우릴베타인, 코코-글루코사이드, 폴리쿼터늄-10, 살리실릭애씨드, 덱스판테놀, 향료, 소듐클로라이드, 나이아신아마이드, 시트릭애씨드, 카프릴릴글라이콜, 멘톨, 다이소듐이디티에이, 에틸헥실글리세린, 바이오틴, 부틸렌글라이콜, 아라비아고무나무검, 1,2-헥산다이올, 하이드롤라이즈드케라틴, 토탄수, 카프릴릭/카프릭트라이글리세라이드, 하이드롤라이즈드콜라겐, 난황추출물(10ppm), 하이드록시프로필메틸셀룰로오스, 검은깨추출물, 검정콩추출물, 서양산딸기추출물, 뽕나무열매추출물, 흑미추출물, 하이드로제네이티드레시틴, 펜틸렌글라이콜, 시어버터, 피토스테롤, 잔탄검, 하이드롤라이즈드실크, 하이드롤라이즈드완두콩단백질, 스쿠알란, 하이드롤라이즈드난각막(0.01ppm), 세라마이드엔피, 포타슘솔베이트",https://www.oliveyoung.co.kr/store/goods/getGoodsDetail.do?goodsNo=A000000208492&t_page=%ED%86%B5%ED%95%A9%EA%B2%80%EC%83%89%EA%B2%B0%EA%B3%BC%ED%8E%98%EC%9D%B4%EC%A7%80&t_click=%EA%B2%80%EC%83%89%EC%83%81%ED%92%88%EC%83%81%EC%84%B8&t_search_name=%EC%83%B4%ED%91%B8&t_number=32&dispCatNo=1000001000400080001&trackingCd=Result_31_60,30900,4.8,22600,https://image.oliveyoung.co.kr/cfimages/cf-goods/uploads/images/thumbnails/10/0000/0020/A00000020849215ko.jpg?l=ko,,shampoo,하아르 닥터란 탈모증상완화 샴푸
라우쉬 샴푸 200ml 5종 택1 (콜츠푸트/씨위드/스위스허벌/카모마일/에그오일),라우쉬 콜츠푸트 안티-댄드러프 샴푸 200ml,비듬 두피,"[콜츠푸트 샴푸]정제수, 소듐라우레스설페이트, 코코-베타인, 피이지-150, 포타슘운데실레노일하이드롤라이즈드콩단백질, 분홍바늘꽃추출물, 관동화잎추출물(340ppm), 우엉뿌리추출물, 피록톤올아민, 살리실릭애씨드, 글리세린, 다이소듐운데실렌아미도엠이에이-설포석시네이트, 라우레스-2, 변성알코올, 소듐클로라이드, 시트릭애씨드, 포타슘솔베이트, 소듐벤조에이트, 향료, 황색203호, 적색504호, 청색1호 [씨위드 샴푸]정제수, 소듐라우레스설페이트**, 코코-베타인, 라우레스-3, 블래더랙추출물, 퀼라자껍질추출물, 쇠뜨기잎추출물, 살리실릭애씨드, 포타슘아비에토일하이드롤라이즈드콩단백질, 카프릴릴글라이콜, 다이소듐운데실렌아미도엠이에이-설포석시네이트, 라우릴피롤리돈, 암모늄클로라이드, 소듐하이드록사이드, 벤조익애씨드, 데하이드로아세틱애씨드, 포타슘솔베이트, 페녹시에탄올, 소듐벤조에이트, 향료, 벤질알코올, 소듐벤조트라이아졸릴부틸페놀설포네이트, 황색203호, 적색504호, 청색1호 (**코코넛 유래 클렌징 성분 함유) [스위스허벌 샴푸]정제수, 소듐라우레스설페이트, 코코-베타인, 라우레스-2, 소듐클로라이드, 퀼라자껍질추출물, 마트리카리아꽃추출물, 쇠뜨기잎추출물, 창질경이잎추출물, 판테닐에틸에터, 글리세린, 변성알코올, 징크옥사이드, 하이드로클로릭애씨드, 암모니아, 소듐하이드록사이드, 락틱애씨드, 벤조익애씨드, 데하이드로아세틱애씨드, 소르빅애씨드, 벤질알코올, 소듐벤조트라이아졸릴부틸페놀설포네이트, 향료, 황색203호, 청색1호, 적색504호 [카모마일아마란스 샴푸]정제수, 소듐라우레스설페이트, 코코-베타인, 글리세린, 라우레스-2, 마트리카리아꽃추출물, 퀼라자껍질추출물, 줄맨드라미씨추출물, 코코다이모늄하이드록시프로필하이드롤라이즈드밀단백질, 하이드롤라이즈드밀단백질, 소듐카복시메틸올레일폴리프로필아민, 변성알코올, 소듐클로라이드, 징크옥사이드, 시트릭애씨드, 암모니아, 하이드로클로릭애씨드, 벤조익애씨드, 데하이드로아세틱애씨드, 소듐벤조에이트, 벤질알코올, 향료, 황색203호, 적색504호 [에그오일 샴푸]정제수, 소듐라우레스설페이트, 글리세린, 코코-베타인, 향료, 라우릴글루코사이드, 아크릴레이트코폴리머, 글리세레스-2코코에이트, 라우레스-2, 피이지-7글리세릴코코에이트, 달걀, 밀배아추출물, 아이소프로필팔미테이트, 소듐레불리네이트, 소듐아니세이트, 우레아, 스타치하이드록시프로필트라이모늄클로라이드, 글라이콜다이스테아레이트, 피이지-120메틸글루코스디올리에이트, 시트릭애씨드, 소듐하이드록사이드, 소듐클로라이드, 락틱애씨드, 소듐락테이트, 레불리닉애씨드, 벤조익애씨드, 페녹시에탄올, 벤질알코올, 황색203호",https://www.oliveyoung.co.kr/store/goods/getGoodsDetail.do?goodsNo=A000000214738&t_page=%ED%86%B5%ED%95%A9%EA%B2%80%EC%83%89%EA%B2%B0%EA%B3%BC%ED%8E%98%EC%9D%B4%EC%A7%80&t_click=%EA%B2%80%EC%83%89%EC%83%81%ED%92%88%EC%83%81%EC%84%B8&t_search_name=%EC%83%B4%ED%91%B8&t_number=43&dispCatNo=1000001000400080001&trackingCd=Result_31_60,28800,4.7,54680,https://image.oliveyoung.co.kr/cfimages/cf-goods/uploads/images/thumbnails/10/0000/0021/A00000021473809ko.jpg?l=ko,,shampoo,라우쉬 샴푸
[구매인증이벤트/두피쿨링] 닥터포헤어 에어로 쿨링 샴푸 750ml 기획 (+70ml*2ea),본품 750ml + 증정 70ml*2.,모든 피부,"정제수, 암모늄라우레스설페이트, 암모늄라우릴설페이트, 소듐C14-16 올레핀설포네이트, 라우릴하이드록시설테인, 멘톨, 코카마이드엠이에이, 피이 지-60하이드로제네이티드캐스터오일, 소듐메틸코코일타우레이트, 변성알코올, 페녹시에탄올, 소듐클로라이드, 세트리모늄클로라이드, 소듐벤조에이트, 구아 하이드록시프로필트라이모늄클로라이드, 덱스판테놀, 살리실릭애씨드, 카프 릴릴글라이콜, 폴리쿼터늄-10, 트라이하이드록시스테아린, 나이아신아마이드, 다이소듐이디티에이, 덱스트린, 시트릭애씨드, 치자추출물, 빙하수, 부틸렌글 라이콜, 1,2-헥산다이올, 알로에베라잎추출물, 레몬그라스추출물, 유칼립투스 잎추출물, 콘민트추출물, 에리스리톨, 다이프로필렌글라이콜, 소듐시트레이트, 코카마이드메틸엠이에이, 에틸헥실글리세린, 글리세린, 바이오틴, 카프릴릭/ 카프릭트라이글리세라이드, 세라마이드엔피, 레시틴, 폴리솔베이트80, 사발팜 열매추출물, 향료, 리모넨, 리날룰, 헥실신남알, 시트랄",https://www.oliveyoung.co.kr/store/goods/getGoodsDetail.do?goodsNo=A000000258869&t_page=%ED%86%B5%ED%95%A9%EA%B2%80%EC%83%89%EA%B2%B0%EA%B3%BC%ED%8E%98%EC%9D%B4%EC%A7%80&t_click=%EA%B2%80%EC%83%89%EC%83%81%ED%92%88%EC%83%81%EC%84%B8&t_search_name=%EC%83%B4%ED%91%B8&t_number=50&dispCatNo=1000001000400080001&trackingCd=Result_31_60,26900,4.8,44160,https://image.oliveyoung.co.kr/cfimages/cf-goods/uploads/images/thumbnails/10/0000/0025/A00000025886918ko.jpg?l=ko,,shampoo,닥터포헤어 에어로 쿨링 샴푸
[저자극/민감두피] 닥터포헤어 피토테라피 샴푸 300ml,300ml,모든 피부 타입,"정제수, 다이소듐라우레스설포석시네이트, 라우릴하이드록시설테인, 코카마이드메틸엠이에이, 라우릴글루코사이드, 글리세린, 소듐라우로일메틸아미노프로피오네이트, 소듐코코일이세티오네이트, 밤부사 불가리스수, C12-13파레스-9, 프로판다이올, 폴리쿼터늄-10, 치자추출물, 레몬껍질오일, 시트릭애씨드, 오렌지껍질오일, 카프릴릴글라이콜, 소듐클로라이드, 다이소듐이디티에이, 유칼립투스잎오일, 에틸헥실글리세린, 드럼스틱씨추출물, 트리리프솝베리열매추출물, 비누풀잎추출물, 부틸렌글라이콜, 라임전초오일, 리씨열매오일, 스타아니스열매/씨오일, 1,2-헥산다이올, 동백나무꽃추출물, 아보카도오일, 소듐시트레이트, 식물성오일, 토코페롤, 알진, 시트랄, 리모넨",https://www.oliveyoung.co.kr/store/goods/getGoodsDetail.do?goodsNo=A000000161887&t_page=%ED%86%B5%ED%95%A9%EA%B2%80%EC%83%89%EA%B2%B0%EA%B3%BC%ED%8E%98%EC%9D%B4%EC%A7%80&t_click=%EA%B2%80%EC%83%89%EC%83%81%ED%92%88%EC%83%81%EC%84%B8&t_search_name=%EC%83%B4%ED%91%B8&t_number=57&dispCatNo=1000001000400080001&trackingCd=Result_31_60,16900,4.7,32570,https://image.oliveyoung.co.kr/cfimages/cf-goods/uploads/images/thumbnails/10/0000/0016/A00000016188715ko.png?l=ko,,shampoo,닥터포헤어 피토테라피 샴푸
[단독기획/단품] 롱테이크 샴푸 300+100ML(샌달우드/블랙티앤피그/로즈리메인즈),300ml / 300ml+100ml 증정기획,모든피부,"[샌달우드] 정제수, 소듐C14-16올레핀설포네이트, 솔비톨, 라우릴하이드록시설테인, 향료(샌달우드향 2.2%), 다이소듐라우레스설포석시네이트, 코카미도프로필베타인, 변성알코올, 코카마이드메틸엠이에이, 소듐클로라이드, 말티톨, 코코-글루코사이드, 카페인, 폴리쿼터늄-10, 데실글루코사이드, 소듐살리실레이트, 소듐시트레이트, 피피지-3카프릴릴에터, 시트릭애씨드, 소듐메타포스페이트, 글리세린, 부틸렌글라이콜, 캐모마일꽃수, 소듐벤조에이트, 하이드롤라이즈드옥수수전분, 카프릴릴글라이콜, 소나무잎추출물, 프로판다이올, 1,2-헥산다이올, 에탄올, 폴리쿼터늄-11, 녹차추출물, 커먼자스민꽃추출물, 하이드롤라이즈드식물성단백질, 잔탄검, 편백잎추출물, 콩폴리펩타이드, 에틸헥실글리세린, 다시마추출물, 귀리펩타이드, 알지닌, 세린, 글루타믹애씨드, 트레오닌, 류신, 프롤린, 아스파틱애씨드, 아이소류신, 글라이신, 페닐알라닌, 알라닌, 타이로신, 라이신, 히스티딘, 포타슘클로라이드, 발린, 동백나무씨오일, 검정콩오일, 세라마이드엔피, 피토스핑고신, 로즈마리잎추출물, 메티오닌, 하이드로제네이티드레시틴, 카놀라오일, 시스틴, 트립토판 [블랙티앤피그] 정제수, 소듐C14-16올레핀설포네이트, 솔비톨, 라우릴하이드록시설테인, 향료(블랙티앤피그향 2.2%), 다이소듐라우레스설포석시네이트, 코카미도프로필베타인, 변성알코올, 코카마이드메틸엠이에이, 소듐클로라이드, 말티톨, 코코-글루코사이드, 카페인, 폴리쿼터늄-10, 데실글루코사이드, 소듐살리실레이트, 소듐시트레이트, 피피지-3카프릴릴에터, 시트릭애씨드, 소듐메타포스페이트, 글리세린, 부틸렌글라이콜, 헥실신남알, 캐모마일꽃수, 리날룰, 소듐벤조에이트, 시트로넬올, 리모넨, 하이드롤라이즈드옥수수전분, 카프릴릴글라이콜, 소나무잎추출물, 프로판다이올, 1,2-헥산다이올, 에탄올, 폴리쿼터늄-11, 녹차추출물, 커먼자스민꽃추출물, 하이드롤라이즈드식물성단백질, 잔탄검, 편백잎추출물, 콩폴리펩타이드, 에틸헥실글리세린, 다시마추출물, 귀리펩타이드, 알지닌, 세린, 글루타믹애씨드, 트레오닌, 류신, 프롤린, 아스파틱애씨드, 아이소류신, 글라이신, 페닐알라닌, 알라닌, 타이로신, 라이신, 히스티딘, 포타슘클로라이드, 발린, 동백나무씨오일, 검정콩오일, 세라마이드엔피, 피토스핑고신, 로즈마리잎추출물, 메티오닌, 하이드로제네이티드레시틴, 카놀라오일, 시스틴, 트립토판 [바질앤베티버] 정제수, 소듐C14-16올레핀설포네이트, 솔비톨, 라우릴하이드록시설테인, 향료(바질앤베티버향 2.5%), 다이소듐라우레스설포석시네이트, 코카미도프로필베타인, 소듐클로라이드, 말티톨, 멘톨, 코코-글루코사이드, 카페인, 폴리쿼터늄-10, 데실글루코사이드, 소듐살리실레이트, 리모넨, 피피지-7, 소듐시트레이트, 피피지-3카프릴릴에터, 시트릭애씨드, 리날룰, 소듐메타포스페이트, 하이드록시시트로넬알, 부틸렌글라이콜, 알파-아이소메틸아이오논, 캐모마일꽃수, 시트랄, 소듐벤조에이트, 시트로넬올, 카프릴릴글라이콜, 프로판다이올, 1,2-헥산다이올, 에탄올, 폴리쿼터늄-11, 녹차추출물, 하이드롤라이즈드식물성단백질, 잔탄검, 편백잎추출물, 콩폴리펩타이드, 에틸헥실글리세린, 다시마추출물, 귀리펩타이드, 알지닌, 세린, 글루타믹애씨드, 트레오닌, 류신, 프롤린, 아스파틱애씨드, 아이소류신, 글라이신, 페닐알라닌, 알라닌, 타이로신, 라이신, 글리세린, 히스티딘, 오렌지추출물, 자몽추출물, 베르가모트추출물, 피이지-150펜타에리스리틸테트라스테아레이트, 탄제린추출물, 발린, 피피지-2하이드록시에틸코카마이드, 아스코빅애씨드, 동백나무씨오일, 락틱애씨드, 검정콩오일, 세라마이드엔피, 피토스핑고신, 로즈마리잎추출물, 메티오닌, 하이드로제네이티드레시틴, 카놀라오일, 시스틴, 트립토판 [로즈 리메인즈] 정제수, 소듐C14-16올레핀설포네이트, 코카미도프로필하이드록시설테인, 코카미도프로필베타인, 향료(로즈향 2.2%), 포타슘코코일글리시네이트, 페녹시에탄올, 다이소듐라우레스설포석시네이트, 소듐벤조에이트, 소듐클로라이드, 알지닌, 에틸헥실글리세린, 세틸알코올, 헥실신남알, 카프릴릴글라이콜, 구아하이드록시프로필트라이모늄클로라이드, 피피지-3카프릴릴에터, 시트릭애씨드, 트라이하이드록시스테아린, 석시닉애씨드, 카프릴릭/카프릭트라이글리세라이드, 소듐시트레이트, 다이카프릴릴에터, 락토바실러스발효용해물, 하이드록시시트로넬알, 부틸렌글라이콜, 소듐글루코네이트, 글리세릴스테아레이트, 프로판다이올, 글리세린, 키토산, 데하이드로아세틱애씨드, 살리실릭애씨드, 1,2-헥산다이올, 락틱애씨드, 에탄올, 하이드롤라이즈드식물성단백질, 편백잎추출물, 동백나무씨추출물, 글라이콜릭애씨드, 사막장미잎세포추출물, 이노시톨, 토코페롤, 하이드롤라이즈드디엔에이, 소듐하이드록사이드",https://www.oliveyoung.co.kr/store/goods/getGoodsDetail.do?goodsNo=A000000164470&t_page=%ED%86%B5%ED%95%A9%EA%B2%80%EC%83%89%EA%B2%B0%EA%B3%BC%ED%8E%98%EC%9D%B4%EC%A7%80&t_click=%EA%B2%80%EC%83%89%EC%83%81%ED%92%88%EC%83%81%EC%84%B8&t_search_name=%EC%83%B4%ED%91%B8&t_number=74&dispCatNo=1000001000400080001&trackingCd=Result_61_all,21000,4.9,35860,https://image.oliveyoung.co.kr/cfimages/cf-goods/uploads/images/thumbnails/10/0000/0016/A00000016447045ko.jpg?l=ko,,shampoo,롱테이크 샴푸 300
몽잘 바리스칼프 로즈마리샴푸 500ml 단품/기획 (탈모증상완화),500 ml / 16.90 fl. oz.,모든 두피 타입,"정제수, 로즈마리잎수(200,000 ppm), 소듐C14-16올레핀설포네이트, 라우릴하이드록시설테인, 라우릴글루코사이드, 코카마이드미파, 카페인(10,000 ppm), 소듐코코일알라니네이트, 소듐클로라이드, 로즈마리잎오일(1,000 ppm), 요엽후박나무껍질추출물, 감추출물, 동백나무잎추출물, 캐롭열매추출물, 일랑일랑꽃추출물, 캐모마일꽃수, 라벤더꽃수, 페퍼민트잎수, 커먼자스민꽃수, 폴스애플민트잎추출물,히비스커스꽃추출물, 테트라데센, 1,2-헥산다이올, 피이지-60하이드로제네이티드캐스터오일, 폴리쿼터늄-10, 헥사데센, 하이드록시아세토페논, 살리실릭애씨드, 판테놀, 시트릭애씨드, 소듐시트레이트, 나이아신아마이드, 에틸헥실글리세린, 다이소듐이디티에이, 부틸렌글라이콜, 향료, 리날룰, 리모넨","https://www.oliveyoung.co.kr/store/goods/getGoodsDetail.do?goodsNo=B000000247910&t_page=%ED%86%B5%ED%95%A9%EA%B2%80%EC%83%89%EA%B2%B0%EA%B3%BC%ED%8E%98%EC%9D%B4%EC%A7%80&t_click=%EA%B2%80%EC%83%89%EC%83%81%ED%92%88%EC%83%81%EC%84%B8&t_search_name=%EC%83%B4%ED%91%B8&t_number=77&dispCatNo=1000001000400080001,1000006000200030001,1000006000200030002&trackingCd=Result_61_all",23800,5.0,10290,https://image.oliveyoung.co.kr/cfimages/cf-goods/uploads/images/thumbnails/10/0000/0024/B00000024791005ko.jpg?l=ko,,shampoo,몽잘 바리스칼프 로즈마리샴푸
[비듬/각질/가려움] 라보에이치 댄드러프클리닉 샴푸 333ML+50ML,333ml+100ml,모든피부,"정제수, 코카미도프로필베타인, 소듐메틸코코일타우레이트, 소듐클로라이드, 카프릴릴/카프릴글루코사이드, 라우릴하이드록시설테인, 석시닉애씨드, 글리세릴스테아레이트, 카페인, 트라이하이드록시스테아린, 살리실릭애씨드, 피피지-3카프릴릴에터, 피록톤올아민, 멘톨, 클림바졸, 페퍼민트오일, 하이드록시프로필구아, 소듐벤조에이트, 세틸알코올, 카프릴릴글라이콜, 소듐시트레이트, 스타아니스열매/씨오일, 폴리쿼터늄-22, 로즈마리잎오일, 연필향나무오일, 다이프로필렌글라이콜, 소듐메타포스페이트, 덱스트린, 에틸헥실글리세린, 부틸렌글라이콜, 콘민트오일, 콘민트잎추출물, 유칼립투스잎오일, 바질오일, 프로판다이올, 락토바실러스발효용해물, 1,2-헥산다이올, 캐모마일꽃오일, 향기제비꽃잎추출물, 병풀꽃/잎/줄기추출물, 소듐하이알루로네이트, 토코페롤, 하이드롤라이즈드하이알루로닉애씨드, 다이소듐이디티에이, 소듐하이알루로네이트크로스폴리머, 하이알루로닉애씨드, 소듐아세틸레이티드하이알루로네이트, 글리세린, 녹차씨추출물, 하이드로제네이티드레시틴, 피토스핑고신, 세라마이드엔피",https://www.oliveyoung.co.kr/store/goods/getGoodsDetail.do?goodsNo=A000000210966&t_page=%ED%86%B5%ED%95%A9%EA%B2%80%EC%83%89%EA%B2%B0%EA%B3%BC%ED%8E%98%EC%9D%B4%EC%A7%80&t_click=%EA%B2%80%EC%83%89%EC%83%81%ED%92%88%EC%83%81%EC%84%B8&t_search_name=%EC%83%B4%ED%91%B8&t_number=82&dispCatNo=1000001000400080001&trackingCd=Result_61_all,16900,4.7,19350,https://image.oliveyoung.co.kr/cfimages/cf-goods/uploads/images/thumbnails/10/0000/0021/A00000021096612ko.jpg?l=ko,,shampoo,라보에이치 댄드러프클리닉 샴푸
[지성두피샴푸] 닥터포헤어 에어로 퓨리파잉 샴푸 500ml,500ml,모든 피부,"정제수, 암모늄라우레스설페이트, 암모늄라우릴설페이트, 라우릴하이드록시설테인, 부틸렌글라이콜, 글리세린, 변성알코올, 페녹시에탄올, C12-13알케스-9, 멘톨, 피이지-6카프릴릭/카프릭글리세라이즈, 소듐클로라이드, 폴리쿼터늄-10, 소듐벤조에이트, 카프릴릴글라이콜, 폴리쿼터늄-7, 시트릭애씨드, 다이소듐이디티에이, 다이프로필렌글라이콜, 펜틸렌글라이콜, 프로판다이올, 트레할로오스, 피록톤올아민, 밤부사 불가리스수, 코카마이드메틸엠이에이, 1,2-헥산다이올, 티트리잎오일, 붉나무충영추출물, 베타-글루칸, 마트리카리아꽃/잎추출물, 오레가노잎추출물, 라벤더꽃추출물, 레몬밤추출물, 스피어민트추출물, 로즈마리꽃추출물, 달맞이꽃꽃추출물, 대왕소나무잎추출물, 칡뿌리추출물, 당느릅나무뿌리추출물, 동백나무꽃추출물, 버지니아풍년화껍질/잎/잔가지추출물, 포타슘솔베이트, 드럼스틱씨추출물, 트리리프솝베리열매추출물, 비누풀잎추출물, 에틸헥실글리세린, 알진, 토코페롤, 향료, 벤질살리실레이트, 리모넨, 리날룰",https://www.oliveyoung.co.kr/store/goods/getGoodsDetail.do?goodsNo=A000000161890&t_page=%ED%86%B5%ED%95%A9%EA%B2%80%EC%83%89%EA%B2%B0%EA%B3%BC%ED%8E%98%EC%9D%B4%EC%A7%80&t_click=%EA%B2%80%EC%83%89%EC%83%81%ED%92%88%EC%83%81%EC%84%B8&t_search_name=%EC%83%B4%ED%91%B8&t_number=94&dispCatNo=1000001000400080001&trackingCd=Result_61_all,10980,4.8,24490,https://image.oliveyoung.co.kr/cfimages/cf-goods/uploads/images/thumbnails/10/0000/0016/A00000016189034ko.png?l=ko,,shampoo,닥터포헤어 에어로 퓨리파잉 샴푸
[산뜻한 두피 & 극손상모 샴푸] 로레알파리 엑스트라오디네리 오일 리페어 샴푸 440ml,440ml,모든 모발용,정제수 소듐라우레스설페이트 시트릭애씨드 코카미도프로필베타인 소듐클로라이드 암모늄하이드록사이드 헥실렌글라이콜 향료 프로필렌글라이콜 피록톤올아민 소듐벤조에이트 폴리쿼터늄-10 소듐하이드록사이드 멘톨 살리실릭애씨드 리날룰 헥실신남알 쿠마린 리모넨 메도우폼씨오일 글리세린 하이드롤라이즈드루핀단백질 코코넛야자오일 라벤더오일 꿀추출물 황색5호 황색4호 토코페롤 티아꽃,https://www.oliveyoung.co.kr/store/goods/getGoodsDetail.do?goodsNo=A000000263671&t_page=%ED%86%B5%ED%95%A9%EA%B2%80%EC%83%89%EA%B2%B0%EA%B3%BC%ED%8E%98%EC%9D%B4%EC%A7%80&t_click=%EA%B2%80%EC%83%89%EC%83%81%ED%92%88%EC%83%81%EC%84%B8&t_search_name=%EC%83%B4%ED%91%B8&t_number=93&dispCatNo=1000001000400080001&trackingCd=Result_61_all,19000,5.0,570,https://image.oliveyoung.co.kr/cfimages/cf-goods/uploads/images/thumbnails/10/0000/0026/A00000026367105ko.jpg?l=ko,,shampoo,로레알파리 엑스트라오디네리 오일 리페어 샴푸
[건성두피/단백질/손상모케어] 아로마티카 퀴노아 프로틴 샴푸 400ml,400ml,"모든 두피, 극손상모발","퀴노아씨추출물, 정제수, 소듐메틸코코일타우레이트, 소듐코코일이세티오네이트, 소듐메틸올레오일타우레이트, 라우릴베타인, 글리세린, 소듐클로라이드, 에리스리톨, 다이프로필렌글라이콜, 소듐아이소스테아로일락틸레이트, 라우릴글루코사이드, 하이드록시아세토페논, 카프릴릴글라이콜, 폴리쿼터늄-10, 귀리단백질추출물, 카퍼트라이펩타이드-1, 아세틸헥사펩타이드-8, 팔미토일펜타펩타이드-4, 팔미토일테트라펩타이드-7, 팔미토일트라이펩타이드-1, 세라마이드엔피, 비타민나무오일, 프라칵시씨오일, 스위트아몬드오일, 바오밥나무씨오일, 타마린드씨폴리사카라이드, 식물성오일, 판테놀, 알지닌, 베타인, 토코페롤, 나이아신아마이드, 살리실릭애씨드, 라반딘오일, 구아하이드록시프로필트라이모늄클로라이드, 리날룰, 맥아추출물, 일랑일랑꽃오일, 센티드제라늄꽃오일, 로즈우드오일, 다이포타슘글리시리제이트, 다이소듐이디티에이, 1,2-헥산다이올",https://www.oliveyoung.co.kr/store/goods/getGoodsDetail.do?goodsNo=A000000205441&t_page=%ED%86%B5%ED%95%A9%EA%B2%80%EC%83%89%EA%B2%B0%EA%B3%BC%ED%8E%98%EC%9D%B4%EC%A7%80&t_click=%EA%B2%80%EC%83%89%EC%83%81%ED%92%88%EC%83%81%EC%84%B8&t_search_name=%EC%83%B4%ED%91%B8&t_number=96&dispCatNo=1000001000400080001&trackingCd=Result_61_all,18200,4.8,1470,https://image.oliveyoung.co.kr/cfimages/cf-goods/uploads/images/thumbnails/10/0000/0020/A00000020544101ko.jpg?l=ko,,shampoo,아로마티카 퀴노아 프로틴 샴푸
[얇은모발용/새싹케어] 케라스타즈 제네시스 새싹 샴푸 250ml,250ml,풍성한 모발용,정제수 소듐라우레스설페이트 시트릭애씨드 코카미도프로필베타인 소듐하이드록사이드 프로필렌글라이콜 소듐클로라이드 소듐벤조에이트 헥실렌글라이콜 폴리쿼터늄-10 살리실릭애씨드 리모넨 리날룰 글리세린 벤질살리실레이트 쿠마린 생강추출물 시트랄 벤질알코올 시트로넬올 자일리틸글루코사이드 안하이드로자일리톨 에델바이스캘러스배양추출물 자일리톨 잔탄검 다이펩타이드다이아미노부티로일벤질아마이드다이아세테이트 향료,"https://www.oliveyoung.co.kr/store/goods/getGoodsDetail.do?goodsNo=A000000212126&t_page=%ED%86%B5%ED%95%A9%EA%B2%80%EC%83%89%EA%B2%B0%EA%B3%BC%ED%8E%98%EC%9D%B4%EC%A7%80&t_click=%EA%B2%80%EC%83%89%EC%83%81%ED%92%88%EC%83%81%EC%84%B8&t_search_name=%EC%83%B4%ED%91%B8&t_number=99&dispCatNo=1000001000400080001,1000006000100040001&trackingCd=Result_61_all",37730,4.5,410,https://image.oliveyoung.co.kr/cfimages/cf-goods/uploads/images/thumbnails/10/0000/0021/A00000021212618ko.jpg?l=ko,,shampoo,케라스타즈 제네시스 새싹 샴푸
[두피 영양 케어] 케라스타즈 덴시피크 샴푸 250ml,250ml,가늘고 힘없는 모발용,"정제수 소듐라우레스설페이트 코코-글루코사이드 소듐클로라이드 글리세린 글라이콜디스테아레이트 향료 코카마이드미파 피피지-5-세테스-20 소듐벤조에이트 카보머 살리실릭애씨드 폴리실리콘-8 디에칠루티디네이트 헥실신남알 글루타믹애씨드 알지닌 폴리쿼터늄-16 리날룰 시트로넬올 세린 알파-이소메칠이오논 하이드록시프로필트리모늄하이드롤라이즈드밀단백질 이소프로판올아민 아미노메칠프로판올 2-올레아미도-1,3-옥타데칸디올 소듐하이알루로네이트 사플라워글루코사이드 제라니올 시트릭애씨드 소듐하이드록사이드","https://www.oliveyoung.co.kr/store/goods/getGoodsDetail.do?goodsNo=A000000212132&t_page=%ED%86%B5%ED%95%A9%EA%B2%80%EC%83%89%EA%B2%B0%EA%B3%BC%ED%8E%98%EC%9D%B4%EC%A7%80&t_click=%EA%B2%80%EC%83%89%EC%83%81%ED%92%88%EC%83%81%EC%84%B8&t_search_name=%EC%83%B4%ED%91%B8&t_number=100&dispCatNo=1000001000400080001,1000006000100040001&trackingCd=Result_61_all",37730,4.4,280,https://image.oliveyoung.co.kr/cfimages/cf-goods/uploads/images/thumbnails/10/0000/0021/A00000021213204ko.jpg?l=ko,,shampoo,케라스타즈 덴시피크 샴푸
[각질/쿨링/가려움]닥터지 두피랩 쿨 솔트 스케일링 샴푸 500g,샴푸 500g,모든 피부용 (가려움),"정제수, 다이소듐라우레스설포석시네이트, 코코-베타인, 다이소듐라우릴설포석시네이트, 다이소듐코코암포다이아세테이트, 라우릴글루코사이드, 소듐클로라이드*, 다이소듐코코일글루타메이트, 향료, 해수*, 폴리쿼터늄-22, 시트릭애씨드, 멘톨, 페네틸알코올, 덱스판테놀, 트라이하이드록시스테아린, 살리실릭애씨드, 카프릴릴글라이콜, 나이아신아마이드, 멘틸락테이트, 소듐파이테이트, 헥실렌글라이콜, 에틸헥실글리세린, 스피룰리나 플라텐시스추출물*, 점토추출물*, 납작파래추출물*, 퉁퉁마디추출물*, 1,2-헥산다이올, 병풀추출물, 말토덱스트린, 타라열매추출물, 글루코노락톤, 카프릴로일살리실릭애씨드, 해바라기싹추출물, 글라이코프로테인, 마데카소사이드, 병풀오일, 하이드롤라이즈드케라틴",https://www.oliveyoung.co.kr/store/goods/getGoodsDetail.do?goodsNo=A000000201047&t_page=%ED%86%B5%ED%95%A9%EA%B2%80%EC%83%89%EA%B2%B0%EA%B3%BC%ED%8E%98%EC%9D%B4%EC%A7%80&t_click=%EA%B2%80%EC%83%89%EC%83%81%ED%92%88%EC%83%81%EC%84%B8&t_search_name=%EC%83%B4%ED%91%B8&t_number=111&dispCatNo=1000001000400080001&trackingCd=Result_61_all,15000,4.7,14240,https://image.oliveyoung.co.kr/cfimages/cf-goods/uploads/images/thumbnails/10/0000/0020/A00000020104716ko.jpg?l=ko,,shampoo,닥터지 두피랩 쿨 솔트 스케일링 샴푸
[탈모증상완화/식초샴푸] 원오세븐 스칼프 퓨리파잉 마이크로바이옴 샴푸 380ml,380ml,모든 피부타입,"정제수, 소듐C14-16올레핀설포네이트, 다이소듐라우레스설포석시네이트, 라우릴베타인, 라우릴하이드록시설테인, 라우릴글루코사이드, 코카마이드미파, 코코-글루코사이드, 데실글루코사이드, 글리세린, 구아하이드록시프로필트라이모늄클로라이드, 폴리쿼터늄-10, 시트릭애씨드, 덱스판테놀, 부틸렌글라이콜, 비니거, 소엽씨추출물, 가자열매추출물, 약모밀추출물, 은행나무잎추출물, 병풀잎추출물, 보이차추출물, 쑥추출물, 맥아추출물, 락토바실러스발효물, 비피다발효용해물, 스트렙토코쿠스 테르모필루스발효물, 락토코쿠스발효물, 하이드롤라이즈드인삼사포닌, 이눌린, 자일리톨, 람노오스, 프룩토올리고사카라이드, 카페인, 바이오틴, 나이아신아마이드, 살리실릭애씨드, 소듐클로라이드, 메틸프로판다이올, 글리세릴카프릴레이트, 클림바졸, 소듐라우로일메틸아미노프로피오네이트, 에틸헥실글리세린, 1,2-헥산다이올, 로즈마리잎오일, 분비나무오일, 아틀라스시다목부오일, 라벤더오일, 불가리스쑥오일, 리모넨",https://www.oliveyoung.co.kr/store/goods/getGoodsDetail.do?goodsNo=A000000242489&t_page=%ED%86%B5%ED%95%A9%EA%B2%80%EC%83%89%EA%B2%B0%EA%B3%BC%ED%8E%98%EC%9D%B4%EC%A7%80&t_click=%EA%B2%80%EC%83%89%EC%83%81%ED%92%88%EC%83%81%EC%84%B8&t_search_name=%EC%83%B4%ED%91%B8&t_number=113&dispCatNo=1000001000400080001&trackingCd=Result_61_all,46750,5.0,4850,https://image.oliveyoung.co.kr/cfimages/cf-goods/uploads/images/thumbnails/10/0000/0024/A00000024248908ko.png?l=ko,,shampoo,원오세븐 스칼프 퓨리파잉 마이크로바이옴 샴푸
[각질/가려움] 박준뷰티랩 두피 클리닉 정수리 샴푸 500+200ml 두피샴푸 증정기획,500ml+200ml,모든헤어타입,"정제수, 소듐C14-16올레핀설포네이트, 라우라마이드디이에이, 코코-베타인, 코코-글루코사이드, 멘톨, 카페인, 글리세린, 클림바졸, 시트릭애씨드, 살리실릭애씨드, 글루코노락톤, 티트리잎오일, 하이드롤라이즈드콜라겐, 편백수, 알란토인, 클로로필린-카퍼컴플렉스, 쇠비름추출물, 하수오뿌리추출물, 참당귀뿌리추출물, 족도리풀뿌리추출물, 도둑놈의지팡이뿌리추출물, 측백나무잎추출물, 구기자추출물, 은행나무잎추출물, 잇꽃꽃추출물, 브로콜리추출물, 자주개자리추출물, 양배추추출물, 밀싹추출물, 라벤더꽃추출물, 베르가못잎추출물, 페퍼민트잎추출물, 프리지아추출물, 마트리카리아꽃추출물, 로즈마리잎추출물, 유채추출물, 무씨추출물, 캐모마일꽃추출물, 로즈마리추출물, 라벤더추출물, 살비아잎추출물, 타임추출물, 오레가노잎추출물, 소듐클로라이드, 다이소듐코코-글루코사이드시트레이트, C10-16알킬글루코사이드, 피피지-14부틸에터, 말토덱스트린, 1,2-헥산다이올, 에틸헥실글리세린, 부틸렌글라이콜, 폴리쿼터늄-10, 다이소듐이디티에이, 페녹시에탄올, 향료, 벤질벤조에이트, 시트로넬올, 제라니올, 리모넨, 리날룰",https://www.oliveyoung.co.kr/store/goods/getGoodsDetail.do?goodsNo=A000000211294&t_page=%ED%86%B5%ED%95%A9%EA%B2%80%EC%83%89%EA%B2%B0%EA%B3%BC%ED%8E%98%EC%9D%B4%EC%A7%80&t_click=%EA%B2%80%EC%83%89%EC%83%81%ED%92%88%EC%83%81%EC%84%B8&t_search_name=%EC%83%B4%ED%91%B8&t_number=121&dispCatNo=1000001000400080001&trackingCd=Result_61_all,16900,4.9,7520,https://image.oliveyoung.co.kr/cfimages/cf-goods/uploads/images/thumbnails/10/0000/0021/A00000021129418ko.jpg?l=ko,,shampoo,박준뷰티랩 두피 클리닉 정수리 샴푸 500+ 두피샴푸
위드비컨 탈모증상완화 린언미 샴푸 360ml(지성 두피),360ml,[린언미 샴푸] 지루성 두피,"[린언미 샴푸] 정제수, 소듐C14-16올레핀설포네이트, 다이소듐라우레스설포석시네이트, 코코-베타인, 소듐코코일이 세티오네이트, 맥아추출물, 리치과피추출물, 다이프로필렌글라이콜, 글리세린, 소듐클로라이드, 카프릴 릴글라이콜, 코코-글루코사이드, 라우릴하이드록시설테인, 라우라마이드미파, 트라이하이드록시스테 아린, 카프릴릭/카프릭트라이글리세라이드, 데실글루코사이드, 시트릭애씨드, 엘-멘톨, 에틸헥실글리세 린, 소이아미도프로필아민옥사이드, 살리실릭애씨드, 덱스판테놀, 소듐파이테이트, 부틸렌글라이콜, 나이아신아마이드, 바이오틴, 카프릴로일살리실릭애씨드, 펜틸렌글라이콜, 글라이신, 토코페롤, 세린, 글루 타믹애씨드, 마데카소사이드, 아스파틱애씨드, 류신, 알라닌, 라이신, 알지닌, 타이로신, 페닐알라닌, 프롤 린, 트레오닌, 발린, 아이소류신, 히스티딘, 시스테인, 메티오닌, 변성알코올, 세테아릴알코올, 카페인, 피록 톤올아민, 클림바졸, 향료",https://www.oliveyoung.co.kr/store/goods/getGoodsDetail.do?goodsNo=A000000207371&t_page=%ED%86%B5%ED%95%A9%EA%B2%80%EC%83%89%EA%B2%B0%EA%B3%BC%ED%8E%98%EC%9D%B4%EC%A7%80&t_click=%EA%B2%80%EC%83%89%EC%83%81%ED%92%88%EC%83%81%EC%84%B8&t_search_name=%EC%83%B4%ED%91%B8&t_number=128&dispCatNo=1000001000400080001&trackingCd=Result_61_all,17800,4.9,15010,https://image.oliveyoung.co.kr/cfimages/cf-goods/uploads/images/thumbnails/10/0000/0020/A00000020737111ko.jpg?l=ko,,shampoo,위드비컨 탈모증상완화 린언미 샴푸
[대용량/손상케어] 헤어플러스 단백질 본드 샴푸 1000ml,1000ml,모든 헤어 사용가능,"정제수, 다이소듐라우레스설포석시네이트, 코카미도프로필베타인, 라우라마이드디이에이, 코카마이드엠이에이, 하이드롤라이즈드밀단백질(30ppm), 폴리쿼터늄-7, 폴리쿼터늄-10, 실크가루, 누에고치추출물, 하이드롤라이즈드실크, 우유단백질추출물(0.3ppm), 하이드롤라이즈드쌀단백질(0.2ppm), 하이드롤라이즈드콩단백질(0.2ppm) , 하이드롤라이즈드엘라스틴, 하이드롤라이즈드케라틴, 하이드롤라이즈드콜라겐, 케라틴아미노산, 알로에베라잎추출물, 판테놀, 아르간커넬오일, 시트릭애씨드,알지닌, 베타인, 소듐피씨에이, 다이소듐이디티에이, 다이포타슘글리시리제이트, 살리실릭애씨드, 글라이콜릭애씨드, 소듐클로라이드, 부틸렌글라이콜, 소듐벤조에이트, 1,2-헥산다이올, 향료",https://www.oliveyoung.co.kr/store/goods/getGoodsDetail.do?goodsNo=A000000176460&t_page=%ED%86%B5%ED%95%A9%EA%B2%80%EC%83%89%EA%B2%B0%EA%B3%BC%ED%8E%98%EC%9D%B4%EC%A7%80&t_click=%EA%B2%80%EC%83%89%EC%83%81%ED%92%88%EC%83%81%EC%84%B8&t_search_name=%EC%83%B4%ED%91%B8&t_number=131&dispCatNo=1000001000400080001&trackingCd=Result_61_all,16900,4.9,3220,https://image.oliveyoung.co.kr/cfimages/cf-goods/uploads/images/thumbnails/10/0000/0017/A00000017646012ko.jpg?l=ko,,shampoo,헤어플러스 단백질 본드 샴푸
제이숲 실크 케라틴 샴푸 2X 단독 기획(500ml+200ml+100ml),800ml(본품 500ml/증정 200ml+100ml),모든 모발용,"정제수, 소듐C14-16올레핀설포네이트, 라우라마이드디이에이, 코카마이드디이에이, 코카미도프로필베타인, 트라이에틸시트레이트, 피피지-30스테아레스-4, 부틸렌글라이콜, 소듐피씨에이, 판테놀, 베타인, 돌콩피토플라센타추출물, 하이드롤라이즈드익스텐신, 세라마이드엔피, 피토스핑고신, 하이드롤라이즈드실크(1.3ppm), 하이드롤라이즈드콜라겐, 하이드롤라이즈드케라틴(5ppm), 하이드롤라이즈드엘라스틴, 하이드롤라이즈드밀단백질, 꿀추출물, 프로폴리스추출물, 폴리쿼터늄-10, 폴리쿼터늄-7, 멘톨, 동백나무씨오일, 에틸헥실글리세린, 피이지-60하이드로제네이티드캐스터오일, 소듐클로라이드, 시트릭애씨드, 다이소듐이디티에이, 소듐벤조에이트, 1,2-헥산다이올, 향료",https://www.oliveyoung.co.kr/store/goods/getGoodsDetail.do?goodsNo=A000000209920&t_page=%ED%86%B5%ED%95%A9%EA%B2%80%EC%83%89%EA%B2%B0%EA%B3%BC%ED%8E%98%EC%9D%B4%EC%A7%80&t_click=%EA%B2%80%EC%83%89%EC%83%81%ED%92%88%EC%83%81%EC%84%B8&t_search_name=%EC%83%B4%ED%91%B8&t_number=132&dispCatNo=1000001000400080001&trackingCd=Result_61_all,23900,4.9,30850,https://image.oliveyoung.co.kr/cfimages/cf-goods/uploads/images/thumbnails/10/0000/0020/A00000020992013ko.jpg?l=ko,,shampoo,제이숲 실크 케라틴 샴푸 2X 단독
[탈모증상완화] 아로마티카 로즈마리 솔트 스크럽 샴푸 300g 기획(+로즈마리 컨디셔너 100ml),300g,모든 두피,"씨솔트(41%), 정제수, 소듐메틸코코일타우레이트, 라우릴베타인, 소듐라우로일이세티오네이트, 소듐클로라이드(17,800ppm), 라우릴글루코사이드, 글리세린, 하이드록시아세토페논, 멘톨, 로즈마리잎오일(4,630ppm), 로즈마리잎추출물(3.46ppm), 소나무잎추출물, 바질잎추출물, 오레가노잎추출물, 라우릭애씨드, 폴리쿼터늄-22, 다이소듐이디티에이, 구아하이드록시프로필트라이모늄클로라이드, 덱스판테놀, 살리실릭애씨드, 트라이하이드록시스테아린, 잔탄검, 아틀라스시다나무껍질오일, 소듐이세티오네이트, 분비나무오일, 솔잣나무오일, 나이아신아마이드, 에틸헥실글리세린, 다이프로필렌글라이콜, 벤조인나무수지추출물, 인도멀구슬나무잎추출물, 인도멀구슬나무꽃추출물, 아이비고드열매추출물, 맥아추출물, 생강추출물, 비피다발효용해물, 락토바실러스발효용해물, 이눌린, 호박가루, 가지열매추출물, 울금뿌리추출물, 홀리바질잎추출물, 참산호말추출물, 드럼스틱씨오일, 알파-글루칸올리고사카라이드, 카페인, 시트릭애씨드, 글루코노락톤, 1,2-헥산다이올, 에탄올, *리모넨",https://www.oliveyoung.co.kr/store/goods/getGoodsDetail.do?goodsNo=A000000189140&t_page=%ED%86%B5%ED%95%A9%EA%B2%80%EC%83%89%EA%B2%B0%EA%B3%BC%ED%8E%98%EC%9D%B4%EC%A7%80&t_click=%EA%B2%80%EC%83%89%EC%83%81%ED%92%88%EC%83%81%EC%84%B8&t_search_name=%EC%83%B4%ED%91%B8&t_number=134&dispCatNo=1000001000400080001&trackingCd=Result_61_all,22900,4.8,5830,https://image.oliveyoung.co.kr/cfimages/cf-goods/uploads/images/thumbnails/10/0000/0018/A00000018914019ko.jpg?l=ko,,shampoo,아로마티카 로즈마리 솔트 스크럽 샴푸
[탈모증상완화] 벤튼 맥주효모샴푸 500ml,500ml,모든 피부용,"정제수, 맥주효모추출물(100,000ppm), 다이소듐라우레스설포석시네이트, 코카미도프로필하이드록시설테인, 라우릴글루코사이드, 코카마이드미파, 소듐코코일이세티오네이트, 락토바실러스/(약모밀/소엽/차나무)잎발효여과물, 부틸렌글라이콜, 소듐클로라이드, 다이프로필렌글라이콜, 폴리쿼터늄-10, 1,2-헥산다이올, 글리세린, 프로폴리스추출물, 검정콩추출물, 맥아추출물, 황벽나무껍질추출물, 다이포타슘글리시리제이트, 바이오틴, 녹차추출물, 약모밀추출물, 소엽잎추출물, 귀리커넬추출물, 하이드록시아세토페논, 카페인, 멘톨, 카프릴릴글라이콜, 덱스판테놀, 살리실릭애씨드, 코코넛애씨드, 시트릭애씨드, 나이아신아마이드, 소듐이세티오네이트, 에틸헥실글리세린, 소듐글루코네이트, 알지닌, 향료","https://www.oliveyoung.co.kr/store/goods/getGoodsDetail.do?goodsNo=A000000174441&t_page=%ED%86%B5%ED%95%A9%EA%B2%80%EC%83%89%EA%B2%B0%EA%B3%BC%ED%8E%98%EC%9D%B4%EC%A7%80&t_click=%EA%B2%80%EC%83%89%EC%83%81%ED%92%88%EC%83%81%EC%84%B8&t_search_name=%EC%83%B4%ED%91%B8&t_number=136&dispCatNo=1000001000400080001,1000006000200030002&trackingCd=Result_61_all",22230,4.7,3780,https://image.oliveyoung.co.kr/cfimages/cf-goods/uploads/images/thumbnails/10/0000/0017/A00000017444105ko.jpg?l=ko,,shampoo,벤튼 맥주효모샴푸
사이오스 루트 인핸스 샴푸 680ml,용량 680ml,힘없는 모근과 약한 두피용,"정제수,소듐라우레스설페이트,다이소듐코코암포다이아세테이트,소듐클로라이드,시트릭애씨드,피토스테릴/옥틸도데실라우로일글루타메이트,바이오틴,타우린,미역추출물,하이드롤라이즈드쌀추출물,하이드롤라이즈드콩추출물,하이드록시에틸우레아,하이드롤라이즈드케라틴,우레아,글리세린,코카마이드엠이에이,소듐벤조에이트,피이지-7글리세릴코코에이트,폴리쿼터늄-10,향료,피이지-40하이드로제네이티드캐스터오일,피피지-3카프릴릴에터,피이지-120메틸글루코스디올리에이트,소듐하이드록사이드,토코페롤,암모늄락테이트,소듐메타바이설파이트,리날룰,시트로넬올,헥실신남알,제라니올,벤질알코올",https://www.oliveyoung.co.kr/store/goods/getGoodsDetail.do?goodsNo=A000000180748&t_page=%ED%86%B5%ED%95%A9%EA%B2%80%EC%83%89%EA%B2%B0%EA%B3%BC%ED%8E%98%EC%9D%B4%EC%A7%80&t_click=%EA%B2%80%EC%83%89%EC%83%81%ED%92%88%EC%83%81%EC%84%B8&t_search_name=%EC%83%B4%ED%91%B8&t_number=141&dispCatNo=1000001000400080001&trackingCd=Result_61_all,9540,4.8,2020,https://image.oliveyoung.co.kr/cfimages/cf-goods/uploads/images/thumbnails/10/0000/0018/A00000018074801ko.jpg?l=ko,,shampoo,사이오스 루트 인핸스 샴푸
케라시스 클리닉 단백질 샴푸980ML 5종 택1,980ML,모든피부,"정제수,소듐라우레스설페이트,암모늄클로라이드,코카미도프로필베타인,다이메티콘,구아하이드록시프로필트라이모늄클로라이드,트라이하이드록시스테아린,시트릭애씨드,소듐벤조에이트,코카마이드엠이에이,세틸알코올,합성플루오르플로고파이트,티타늄디옥사이드,다이소듐이디티에이,1,2-헥산다이올,글리세린,라이신,히스티딘,알지닌,아스파틱애씨드,트레오닌,세린,글루타믹애씨드,프롤린,글라이신,알라닌,발린,메티오닌,아이소류신,류신,타이로신,페닐알라닌,시스테인,하이드롤라이즈드밀단백질,하이드롤라이즈드콩단백질,하이드롤라이즈드쌀단백질,아르간커넬오일,향료,알파-아이소메틸아이오논,벤질살리실레이트,제라니올,헥실신남알,리모넨,리날룰 * 단백질성분(밀, 콩, 쌀) : 50 ppm",https://www.oliveyoung.co.kr/store/goods/getGoodsDetail.do?goodsNo=A000000181784&t_page=%ED%86%B5%ED%95%A9%EA%B2%80%EC%83%89%EA%B2%B0%EA%B3%BC%ED%8E%98%EC%9D%B4%EC%A7%80&t_click=%EA%B2%80%EC%83%89%EC%83%81%ED%92%88%EC%83%81%EC%84%B8&t_search_name=%EC%83%B4%ED%91%B8&t_number=185&dispCatNo=1000001000400080001&trackingCd=Result_61_all,6500,4.8,7390,https://image.oliveyoung.co.kr/cfimages/cf-goods/uploads/images/thumbnails/10/0000/0018/A00000018178406ko.jpg?l=ko,,shampoo,케라시스 클리닉 단백질 샴푸
[두피 세정] 닥터방기원 랩 샴푸 EX 탈모 케어 샴푸 (두피 노폐물 제거),500ml,모든 피부 타입용,"정제수, 소듐라우레스설페이트, 암모늄라우릴설페이트, 코카미도프로필베타인, 글리세린, 코카마이드엠이에이, 라우릴글루코사이드, 데실글루코사이드, 코코-글루코사이드, 소듐클로라이드, 세테아릴알코올, 실크가루, 케라틴아미노산, 누에고치추출물, 우유단백질추출물, 하이드롤라이즈드밀단백질, 하이드롤라이즈드쌀단백질, 하이드롤라이즈드콩단백질, 하이드롤라이즈드엘라스틴, 하이드롤라이즈드케라틴, 하이드롤라이즈드콜라겐, 하이드롤라이즈드실크, 부틸렌글라이콜, 1,2-헥산다이올, 드럼스틱캘러스추출물, 잣나무캘러스배양추출물, 비타민나무캘러스배양추출물, 살리실릭애씨드, 덱스판테놀, 나이아신아마이드, 소듐벤조에이트, 멘톨, 다이메티콘, 라우레스-23, 라우레스-3, 잔탄검, 폴리쿼터늄-7, 메틸프로판다이올, 클림바졸, 글리세릴카프릴레이트, 에틸헥실글리세린, 징크피리치온, 소듐폴리나프탈렌설포네이트, 징크클로라이드, 소듐시트레이트, 구아하이드록시프로필트라이모늄클로라이드, 다이소듐이디티에이, 향료",https://www.oliveyoung.co.kr/store/goods/getGoodsDetail.do?goodsNo=A000000199135&t_page=%ED%86%B5%ED%95%A9%EA%B2%80%EC%83%89%EA%B2%B0%EA%B3%BC%ED%8E%98%EC%9D%B4%EC%A7%80&t_click=%EA%B2%80%EC%83%89%EC%83%81%ED%92%88%EC%83%81%EC%84%B8&t_search_name=%EC%83%B4%ED%91%B8&t_number=188&dispCatNo=1000001000400080001&trackingCd=Result_61_all,17800,5.0,26100,https://image.oliveyoung.co.kr/cfimages/cf-goods/uploads/images/thumbnails/10/0000/0019/A00000019913503ko.jpg?l=ko,,shampoo,닥터방기원 랩 샴푸 EX 탈모 케어 샴푸
사이오스 리페어 샴푸 680ml,용량 680ml,약하고 끊어지는 극손상 모발용,"정제수,소듐라우레스설페이트,다이소듐코코암포다이아세테이트,소듐클로라이드,시트릭애씨드,피토스테릴/옥틸도데실라우로일글루타메이트,유차나무씨오일,하이드록시에틸우레아,하이드롤라이즈드케라틴,우레아,코카마이드엠이에이,소듐벤조에이트,피이지-7글리세릴코코에이트,향료,폴리쿼터늄-10,피이지-40하이드로제네이티드캐스터오일,피피지-3카프릴릴에터,피이지-120메틸글루코스디올리에이트,소듐하이드록사이드,암모늄락테이트,토코페롤,리날룰",https://www.oliveyoung.co.kr/store/goods/getGoodsDetail.do?goodsNo=A000000180750&t_page=%ED%86%B5%ED%95%A9%EA%B2%80%EC%83%89%EA%B2%B0%EA%B3%BC%ED%8E%98%EC%9D%B4%EC%A7%80&t_click=%EA%B2%80%EC%83%89%EC%83%81%ED%92%88%EC%83%81%EC%84%B8&t_search_name=%EC%83%B4%ED%91%B8&t_number=183&dispCatNo=1000001000400080001&trackingCd=Result_61_all,9540,4.8,1210,https://image.oliveyoung.co.kr/cfimages/cf-goods/uploads/images/thumbnails/10/0000/0018/A00000018075001ko.jpg?l=ko,,shampoo,사이오스 리페어 샴푸
[손상모케어] 헤드스파7 프로틴 플레니쉬 트리트먼트 샴푸 740g (탈모증상완화),740g,모든 모발 타입,"정제수, 소듐라우레스설페이트, 암모늄라우릴설페이트, 코카미도프로필베타인, 다이프로필렌글라이콜, 피피지-3미리스틸에터, 소듐클로라이드, 페녹시에탄올, 폴리쿼터늄-10, 덱스판테놀, 살리실릭애씨드, 하이드록시프로필구아하이드록시프로필트라이모늄클로라이드, 나이아신아마이드, 소듐벤조에이트, 트로메타민, 펜타소듐펜테테이트, 말토덱스트린, 카라멜, 부틸렌글라이콜, 1,2-헥산다이올, 바이오틴, 소듐하이알루로네이트, 다시마추출물, 실크아미노산, 별꽃추출물, 코코-베타인, 하이드롤라이즈드케라틴, 에틸헥실글리세린, 하이드록시프로필트라이모늄하이알루로네이트, 하이드롤라이즈드하이알루로닉애씨드, 하이드롤라이즈드옥수수단백질, 하이드롤라이즈드밀단백질, 하이드롤라이즈드콩단백질, 펜틸렌글라이콜, 소듐하이알루로네이트크로스폴리머, 소듐아세틸레이티드하이알루로네이트, 향료, 알파-아이소메틸아이오논, 벤질살리실레이트, 시트로넬올 (하이드롤라이즈드옥수수단백질/하이드롤라이지드밀단백질/하이드롤라이즈드콩단백질 3종 총 200ppb 함유)",https://www.oliveyoung.co.kr/store/goods/getGoodsDetail.do?goodsNo=A000000236551&t_page=%ED%86%B5%ED%95%A9%EA%B2%80%EC%83%89%EA%B2%B0%EA%B3%BC%ED%8E%98%EC%9D%B4%EC%A7%80&t_click=%EA%B2%80%EC%83%89%EC%83%81%ED%92%88%EC%83%81%EC%84%B8&t_search_name=%EC%83%B4%ED%91%B8&t_number=178&dispCatNo=1000001000400080001&trackingCd=Result_61_all,14900,4.9,980,https://image.oliveyoung.co.kr/cfimages/cf-goods/uploads/images/thumbnails/10/0000/0023/A00000023655101ko.jpg?l=ko,,shampoo,헤드스파7 프로틴 플레니쉬 트리트먼트 샴푸
바이오더마 노데 플루이드 샴푸 400ml,400ml,모든 피부 용,"정제수, 카프릴릴/카프릴글루코사이드, 피이지-150다이스테아레이트, 피이지-6카프릴릭/카프릭글리세라이즈, 피이지-15코코폴리아민, 소듐라우로일귀리아미노산, 락틱애씨드, 소듐시트레이트, 카프릴릴글라이콜, 향료, 쿼터늄-80, 프로필렌글라이콜, 만니톨, 자일리톨, 람노오스, 페녹시에탄올, 테트라소듐이디티에이, 에틸헥실글리세린, 프룩토올리고사카라이드, 소듐하이드록사이드","https://www.oliveyoung.co.kr/store/goods/getGoodsDetail.do?goodsNo=A000000244919&t_page=%ED%86%B5%ED%95%A9%EA%B2%80%EC%83%89%EA%B2%B0%EA%B3%BC%ED%8E%98%EC%9D%B4%EC%A7%80&t_click=%EA%B2%80%EC%83%89%EC%83%81%ED%92%88%EC%83%81%EC%84%B8&t_search_name=%EC%83%B4%ED%91%B8&t_number=170&dispCatNo=1000001000400080001,1000001000800130001&trackingCd=Result_61_all",18850,4.2,180,https://image.oliveyoung.co.kr/cfimages/cf-goods/uploads/images/thumbnails/10/0000/0024/A00000024491901ko.jpg?l=ko,,shampoo,바이오더마 노데 플루이드 샴푸
SOOO 스윔 샴푸 220ml,220ml,모든 피부용,"정제수, 소듐C14-16올레핀설포네이트, 다이프로필렌글라이콜, 코코-베타인, 1,2-헥산다이올, 라우릴하이드록시설테인, 라우릴글루코사이드, 시트릭애씨드, 글리세린, 판테놀, 사이클로덱스트린, 소듐코코일알라니네이트, 폴리쿼터늄-10, 향료, 피록톤올아민, 소듐클로라이드, 살리실릭애씨드, 폴리쿼터늄-22, 부틸렌글라이콜, 비니거, 하이드롤라이즈드케라틴, 폴리쿼터늄-67, 소듐코코일설테인, 하이드롤라이즈드엘라스틴, 다이소듐이디티에이, 나이아신아마이드, 알로에베라잎추출물, 테트라데센, 헥사데센, 소듐설페이트, 스위트아몬드오일, 호호바씨오일, 페퍼민트오일, 유칼립투스오일, 하이드로제네이티드레시틴, 소듐아세테이트, 아이소프로필알코올, 병풀추출물, 무화과추출물, 소듐벤조에이트, 세라마이드엔피, 아세틸헥사펩타이드-8, 카퍼트라이펩타이드-1, 팔미토일펜타펩타이드-4, 트라이펩타이드-1, 팔미토일트라이펩타이드-1, 헥사펩타이드-9, 노나펩타이드-1, 폴리글리세릴-10라우레이트, 하이드롤라이즈드콜라겐, 제올라이트, 아스코빅애씨드, 테트라에틸헥실옥시하이드록시벤조에이트, 리모넨, 리날릴아세테이트, 리날룰, 피넨",https://www.oliveyoung.co.kr/store/goods/getGoodsDetail.do?goodsNo=A000000255226&t_page=%ED%86%B5%ED%95%A9%EA%B2%80%EC%83%89%EA%B2%B0%EA%B3%BC%ED%8E%98%EC%9D%B4%EC%A7%80&t_click=%EA%B2%80%EC%83%89%EC%83%81%ED%92%88%EC%83%81%EC%84%B8&t_search_name=%EC%83%B4%ED%91%B8&t_number=171&dispCatNo=1000001000400080001&trackingCd=Result_61_all,16900,5.0,240,https://image.oliveyoung.co.kr/cfimages/cf-goods/uploads/images/thumbnails/10/0000/0025/A00000025522601ko.jpg?l=ko,,shampoo,SOOO 스윔 샴푸
[대용량] 박준뷰티랩 아르간 오일 미용실용 비건 샴푸 1150ml,1150ml,모든헤어타입,"정제수, 소듐라우레스설페이트, 소듐라우릴설페이트, 코카미도프로필베타인, 소듐클로라이드, 코카마이드디이에이, 글리세린, 글라이콜다이스테아레이트, 편백수, 코카마이드엠이에이, 프로필렌글라이콜패티애씨데이트, 부틸렌글라이콜, 아르간커넬오일(500mg), 마트리카리아꽃추출물, 라벤더꽃추출물, 로즈마리추출물, 페퍼민트잎추출물, 살비아잎추출물, 버지니아풍년화잎추출물, 구아하이드록시프로필트라이모늄클로라이드, 시트릭애씨드, 다이메티콘, 라우레스-3, 페녹시에탄올, 알로에베라잎추출물, 포타슘솔베이트, 소듐벤조에이트, 다이소듐이디티에이, 향료",https://www.oliveyoung.co.kr/store/goods/getGoodsDetail.do?goodsNo=A000000121271&t_page=%ED%86%B5%ED%95%A9%EA%B2%80%EC%83%89%EA%B2%B0%EA%B3%BC%ED%8E%98%EC%9D%B4%EC%A7%80&t_click=%EA%B2%80%EC%83%89%EC%83%81%ED%92%88%EC%83%81%EC%84%B8&t_search_name=%EC%83%B4%ED%91%B8&t_number=176&dispCatNo=1000001000400080001&trackingCd=Result_61_all,16900,4.7,62950,https://image.oliveyoung.co.kr/cfimages/cf-goods/uploads/images/thumbnails/10/0000/0012/A00000012127121ko.jpg?l=ko,,shampoo,박준뷰티랩 아르간 오일 미용실용 비건 샴푸
[챠미키티 에디션][손상케어] 모레모 슈퍼리페어샴푸 480ml 기획,챠미키티 에디션 기획:480ml+40ml(증정),모든 피부 타입,"정제수, 다이소듐라우레스설포석시네이트, 소듐C14-16올레핀설포네이트, 코코-글루코사이드, 코카미도프로필베타인, 소듐코코일이세티오네이트, 향료, 글리세린, 코카마이드엠이에이, 코카마이드메틸엠이에이, 하이드롤라이즈드케라틴, 옥촉서예추출물, 헥사펩타이드-75, 오크라열매추출물, 몰로키아잎추출물, 카룸 페트로셀리눔추출물, 사카라이드아이소머레이트, 보스웰리아추출물, 하이드롤라이즈드쌀단백질, 하이드롤라이즈드보리단백질, 하이드롤라이즈드호호바단백질, 하이드롤라이즈드헤이즐넛단백질, 하이드롤라이즈드완두콩단백질, 하이드롤라이즈드귀리단백질, 하이드롤라이즈드옥수수단백질, 하이드롤라이즈드밀단백질, 하이드롤라이즈드콩단백질, 소듐구아이아줄렌설포네이트, 하이드롤라이즈드루핀단백질, 하이드롤라이즈드식물성단백질, 하이드롤라이즈드스위트아몬드단백질, 하이드롤라이즈드코튼씨드단백질, 소이아미노산, 밀아미노산, 쌀아미노산, 귀리아미노산, 스위트아몬드아미노산, 참깨아미노산, 사우수레아인볼루크라타추출물, 아이슬란드이끼추출물, 에델바이스추출물, 대왕송잎추출물, 당느릅나무뿌리추출물, 달맞이꽃꽃추출물, 칡뿌리추출물, 1,2-헥산다이올, 소듐시트레이트, 소듐클로라이드, 시트릭애씨드, 하이드록시아세토페논, 펜틸렌글라이콜, 카프릴릴글라이콜, 에틸헥실글리세린, 소듐이세티오네이트, 폴리쿼터늄-22, 부틸렌글라이콜, 폴리쿼터늄-10, 다이소듐이디티에이, 테트라데센, 헥사데센, 코코넛애씨드, 폴리글리세릴-10라우레이트, 폴리글리세릴-6라우레이트, 말토덱스트린, 소듐벤조에이트, 리모넨, 리날룰",https://www.oliveyoung.co.kr/store/goods/getGoodsDetail.do?goodsNo=A000000212803&t_page=%ED%86%B5%ED%95%A9%EA%B2%80%EC%83%89%EA%B2%B0%EA%B3%BC%ED%8E%98%EC%9D%B4%EC%A7%80&t_click=%EA%B2%80%EC%83%89%EC%83%81%ED%92%88%EC%83%81%EC%84%B8&t_search_name=%EC%83%B4%ED%91%B8&t_number=175&dispCatNo=1000001000400080001&trackingCd=Result_61_all,17400,4.8,15040,https://image.oliveyoung.co.kr/cfimages/cf-goods/uploads/images/thumbnails/10/0000/0021/A00000021280318ko.jpg?l=ko,,shampoo,모레모 슈퍼리페어샴푸
오르제나 모링가 스칼프 퍼펙트 샴푸 500ml/200ml 2종,500ml / 200ml,모든 모발용,"정제수, 소듐C14-16올레핀설포네이트, 라우릴베타인, 코카마이드미파, 다이소듐 라우레스설포석시네이트, 소듐클로라이드, 글리세린, 카페인, 1,2-헥산다이올, C10-16알킬글루코 사이드멘톨, 폴리퀴터늄-10, 코코-글루코사이드, 시트릭애씨드, 다이소듐이디티에이, 클림바졸, 말토덱스트린, 카라멜, 살리실릭애씨드, 부틸렌글라이콜, 글루코노락톤, 드럼스틱씨추출물(0.9985ppm),흰버드나무껍질추출물, 오레가노잎추출물, 편백잎추출물, 락토바실러스/콩발효 추출물,육계나무껍질추출물, 황금추출물, 쇠비름추출물, 대왕소나무잎 추출물, 당느릅나무뿌리 추출물,달맞이꽃꽃추출물, 칡뿌리추출물, 알지닌, 알라닌, 히스티딘, 발린, 류신, 아이소류신, 페닐 알라닌,글라이신, 세린, 아스파틱애씨드, 오르니틴, 글루타믹애씨드, 프롤린, 메티오닌, 타우린, 향료",https://www.oliveyoung.co.kr/store/goods/getGoodsDetail.do?goodsNo=A000000259655&t_page=%ED%86%B5%ED%95%A9%EA%B2%80%EC%83%89%EA%B2%B0%EA%B3%BC%ED%8E%98%EC%9D%B4%EC%A7%80&t_click=%EA%B2%80%EC%83%89%EC%83%81%ED%92%88%EC%83%81%EC%84%B8&t_search_name=%EC%83%B4%ED%91%B8&t_number=210&dispCatNo=1000001000400080001&trackingCd=Result_61_all,11900,5.0,3510,https://image.oliveyoung.co.kr/cfimages/cf-goods/uploads/images/thumbnails/10/0000/0025/A00000025965501ko.jpg?l=ko,,shampoo,오르제나 모링가 스칼프 퍼펙트 샴푸
오르제나 카페인 프로틴 파워 샴푸 500ml/200ml 2종,500ml / 200ml,모든 모발용,"정제수, 소듐C14-16올레핀설포네이트, 코카미도프로필베타인, 소듐코코일이세티오네이트, 피이지-120메틸글루코스디올리에이트, 글리세린, 카페인(10,000 ppm), 소듐클로라이드, 라우릭애씨드, 스타이렌/아크릴 레이트코폴리머, 폴리쿼터늄-10, 폴리글리세릴-2세스퀴올리에이트, 소듐락테이트, 1,2-헥산다이올, 하이드로제네이티드캐스터오일다이머 다이리놀레에이트, 폴리쿼터늄-7, 세틸알코올, 락틱애씨드, 구아하이드록시프로필트라이 모늄클로라이드, 판테놀, 효모/쌀발효여과물, 부틸렌글라이콜, 하이드롤라이즈드케라틴, 소듐하이알루로네이트, 쇠비름추출물, 하수오뿌리추출물, 참당귀뿌리추출물, 족도리풀 뿌리추출물, 도둑놈의지팡이뿌리추출물, 측백나무잎추출물, 구기자추출물, 은행나무잎추출물, 잇꽃꽃추출물, 브로콜리추출물, 자주개자리추출물, 양배추추출물, 밀싹추출물, 유채추출물, 무씨추출물, 다이소듐이디티에이, 소듐벤조에이트, 에틸헥실글리세린, 향료, 리모넨, 리날룰",https://www.oliveyoung.co.kr/store/goods/getGoodsDetail.do?goodsNo=A000000259656&t_page=%ED%86%B5%ED%95%A9%EA%B2%80%EC%83%89%EA%B2%B0%EA%B3%BC%ED%8E%98%EC%9D%B4%EC%A7%80&t_click=%EA%B2%80%EC%83%89%EC%83%81%ED%92%88%EC%83%81%EC%84%B8&t_search_name=%EC%83%B4%ED%91%B8&t_number=211&dispCatNo=1000001000400080001&trackingCd=Result_61_all,11900,4.9,750,https://image.oliveyoung.co.kr/cfimages/cf-goods/uploads/images/thumbnails/10/0000/0025/A00000025965607ko.jpg?l=ko,,shampoo,오르제나 카페인 프로틴 파워 샴푸
오르제나 진저 볼륨 퍼밍 샴푸 500ml/200ml 2종,500ml / 200ml,모든 모발용,"정제수, 소듐C14-16올레핀설포네이트, 라우릴베타인, 코카마이드미파, 다이소듐 라우레스설포석시네이트, 소듐클로라이드, 카페인, 글리세린, 1,2-헥산다이올, C10-16알킬글루코사이드,코카미도프로필베타인, 폴리퀴터늄-10, 코코-글루코사이드, 시트릭애씨드, 하이드록시에틸우레아, 폴리퀴터늄 68, 다이소듐이디티에이, 스타이렌/아크릴레이트코폴리머, 부틸렌글라이콜,생강추출물(10ppm), 하이드롤라이즈드밀단백질, 효모/쌀발효여과물, 하이드롤라이즈드케라틴, 흰버드나무껍질추출물, 오레가노잎추출물, 편백잎추출물, 브로콜리추출물, 자주개자리추출물, 양배추추출물, 밀싹추출물, 락토바실러스/콩발효추출물, 육계나무껍질추출물, 황금추출물, 쇠비름추출물, 유채추출물, 무씨추출물, 향료, 알파-아이소메틸아이오논, 리모넨 리날룰",https://www.oliveyoung.co.kr/store/goods/getGoodsDetail.do?goodsNo=A000000259663&t_page=%ED%86%B5%ED%95%A9%EA%B2%80%EC%83%89%EA%B2%B0%EA%B3%BC%ED%8E%98%EC%9D%B4%EC%A7%80&t_click=%EA%B2%80%EC%83%89%EC%83%81%ED%92%88%EC%83%81%EC%84%B8&t_search_name=%EC%83%B4%ED%91%B8&t_number=212&dispCatNo=1000001000400080001&trackingCd=Result_61_all,11900,5.0,780,https://image.oliveyoung.co.kr/cfimages/cf-goods/uploads/images/thumbnails/10/0000/0025/A00000025966307ko.jpg?l=ko,,shampoo,오르제나 진저 볼륨 퍼밍 샴푸
닥터방기원 비어이스트 맥주효모 탈모샴푸 1000ml,1000ml,모든 피부타입,"정제수,소듐라우레스설페이트,암모늄라우릴설페이트,코카미도프로필베타인,맥주효모추출물(3%),라우릴글루코사이드,데실글루코사이드,글리세린,피피지-3카프릴릴에터,덱스판테놀,살리실릭애씨드,멘톨,나이아신아마이드,코코-글루코사이드,쇠비름추출물,하수오뿌리추출물,참당귀뿌리추출물,족도리풀물,감추출물,동백나무잎추출물,캐롭열매추출물,흰버드나무껍질추출물,오레가노잎추출물,팬백잎추출물,락토바실러스/콜발효추출물,육계나무껍질추출물,황금추출물,쇠비를추출물,티트리잎추출물,쥐눈이콩발효추출물,버지니아풍년화추출물,비파나무잎추출물,약모밀추출물,생강전초추출물,시트릭애씨드,부틸렌글라이콜,폴리쿼터늄-10,다이소듐이디티에이,에틸헥실글리세린,1-2-헥산다이올,소듐벤조에이트,소듐클로라이드,향료,카라멜,스트로넬올,하이드록시시트로넬알,리날룰",https://www.oliveyoung.co.kr/store/goods/getGoodsDetail.do?goodsNo=B000000148820&t_page=%ED%86%B5%ED%95%A9%EA%B2%80%EC%83%89%EA%B2%B0%EA%B3%BC%ED%8E%98%EC%9D%B4%EC%A7%80&t_click=%EA%B2%80%EC%83%89%EC%83%81%ED%92%88%EC%83%81%EC%84%B8&t_search_name=%EC%83%B4%ED%91%B8&t_number=213&dispCatNo=1000001000400080001&trackingCd=Result_61_all,23100,5.0,12900,https://image.oliveyoung.co.kr/cfimages/cf-goods/uploads/images/thumbnails/10/0000/0014/B00000014882019ko.jpg?l=ko,,shampoo,닥터방기원 비어이스트 맥주효모 탈모샴푸
닥터방기원 댄드러프 비듬탈모샴푸 1000ml,1000ml,"모든 두피, 모발","정제수, 소듐라우레스설페이트, 암모늄라우릴설페이트, 글리세린, 코카마이드엠이에이, 멘톨, 세테아릴알코올, 코카미도프로필베타인, 검정콩추출물, 쌀추출물, 티트리잎추출물, 녹두추출물, 소엽잎추출물, 녹차추출물, 귀리가루추출물, 로즈오브예리코추출물, 포트마리골드추출물, 마트리카리아추출물, 질경이추출물, 컴프리추출물, 에버라스팅추출물, 흰버드나무껍질추출물, 오레가노잎추출물, 편백잎추출물, 락토바실러스 /콩발효추출물, 육계나무껍질추출물, 황금추출물, 쇠비름추출물, 대왕송잎추출물, 당느릅나무뿌리추출물, 달맞이꽃추출물, 칡뿌리추출물, 약모밀추출물, 비파나무잎추출물, 생강전초추출물, 로즈마리잎오일, 레몬그라스잎오일, 클림바졸, 징크피리치온, 피록톤올아민, 살리실릭애씨드, 덱스판테놀, 폴리쿼터늄-10, 나이아신아마이드, 소듐시트레이트, 라우레스-23, 소듐벤조에이트, 다이메티콘, 부틸렌글라이콜, 1,2-헥산다이올, 다이소듐이디티에이, 라우레스-3, 소듐폴리나프탈렌설포네이트, 잔탄검, 소듐클로라이드, 구아하이드록시프로필트라이모늄클로라이드, 향료, 벤질벤조에이트, 헥실신남알, 리날룰",https://www.oliveyoung.co.kr/store/goods/getGoodsDetail.do?goodsNo=B000000148828&t_page=%ED%86%B5%ED%95%A9%EA%B2%80%EC%83%89%EA%B2%B0%EA%B3%BC%ED%8E%98%EC%9D%B4%EC%A7%80&t_click=%EA%B2%80%EC%83%89%EC%83%81%ED%92%88%EC%83%81%EC%84%B8&t_search_name=%EC%83%B4%ED%91%B8&t_number=214&dispCatNo=1000001000400080001&trackingCd=Result_61_all,19900,4.9,6250,https://image.oliveyoung.co.kr/cfimages/cf-goods/uploads/images/thumbnails/10/0000/0014/B00000014882816ko.jpg?l=ko,,shampoo,닥터방기원 댄드러프 비듬탈모샴푸
닥터방기원 쿨링 탈모샴푸 1000ml,1000ml,"모든 두피, 모발","정제수, 소듐라우레스설페이트, 암모늄라우릴설페이트, 코카미도프로필베타인, 멘톨, 코카마이드엠이에이, 소듐클로라이드, 소듐벤조에이트, 구아하이드록시프로필트라이모늄클로라이드, 살리실릭애씨드, 판테놀, 캠퍼, 라우릴알코올, 암모늄설페이트, 다이소듐이디티에이, 폴리쿼터늄-7, 코코넛애씨드, 부틸렌글라이콜, 지황뿌리추출물, 검은깨추출물, 산수유열매추출물, 질경이택사덩이줄기추추물, 참마뿌리추출물, 중국토복령추출물, 모란뿌리추출물, 흑미추출물, 검은뽕나무열매추출물, 포도추출물, 가시오갈피뿌리추출물, 자두추출물, 복분자딸기열매추출물, 하이드롤라이즈드콜라겐, 하이드롤라이즈드콩단백질, 1,2-헥산다이올, 라벤더오일, 레몬밤잎오일, 로즈마리잎오일, 유칼립투스잎오일, 커먼자스민오일, 티트리잎오일, 페퍼민트오일, 해바라기씨오일, 하이드롤라이즈드케라틴, 바닐라콩추출물, 캐롭열매추출물, 검정콩추출물, 콩추출물, 로우스위트블루베리추출물, 올리브추출물, 펜틸렌글라이콜, 에틸헥실글리세린, 코카마이드디이에이, 페녹시에탄올, 미리스틸알코올, 향료, 시트랄, 리모넨, 리날룰",https://www.oliveyoung.co.kr/store/goods/getGoodsDetail.do?goodsNo=B000000148829&t_page=%ED%86%B5%ED%95%A9%EA%B2%80%EC%83%89%EA%B2%B0%EA%B3%BC%ED%8E%98%EC%9D%B4%EC%A7%80&t_click=%EA%B2%80%EC%83%89%EC%83%81%ED%92%88%EC%83%81%EC%84%B8&t_search_name=%EC%83%B4%ED%91%B8&t_number=215&dispCatNo=1000001000400080001&trackingCd=Result_61_all,23100,4.9,1780,https://image.oliveyoung.co.kr/cfimages/cf-goods/uploads/images/thumbnails/10/0000/0014/B00000014882917ko.jpg?l=ko,,shampoo,닥터방기원 쿨링 탈모샴푸
아베다 로즈메리 민트 퓨리파잉 샴푸 250ml,250ml,모든 모발용,"정제수,소듐코코-설페이트,글리세린,라우라미도프로필베타인,페퍼민트잎추출물(0.0001%),로즈마리잎추출물(0.0001%),바바수아미도프로필베타인,비니거,캠퍼,멘톨,코카미도프로필아민옥사이드,스테아라미도프로필다이메틸아민,폴리쿼터늄-4,향료,제라니올,리날룰,리모넨,아이소유제놀,시트릭애씨드,소듐클로라이드,소듐글루코네이트,벤조익애씨드,페녹시에탄올","https://www.oliveyoung.co.kr/store/goods/getGoodsDetail.do?goodsNo=A000000123741&t_page=%ED%86%B5%ED%95%A9%EA%B2%80%EC%83%89%EA%B2%B0%EA%B3%BC%ED%8E%98%EC%9D%B4%EC%A7%80&t_click=%EA%B2%80%EC%83%89%EC%83%81%ED%92%88%EC%83%81%EC%84%B8&t_search_name=%EC%83%B4%ED%91%B8&t_number=227&dispCatNo=1000001000400080001,1000006000100040001&trackingCd=Result_61_all",16900,4.7,4060,https://image.oliveyoung.co.kr/cfimages/cf-goods/uploads/images/thumbnails/10/0000/0012/A00000012374107ko.jpg?l=ko,,shampoo,아베다 로즈메리 민트 퓨리파잉 샴푸
아베다 보태니컬 리페어 스트렝쓰닝 샴푸 200ml,200ml,모든 모발용,"성분 : 정제수,소듐코코일이세티오네이트,소듐메틸코코일타우레이트,소듐라우릴설포아세테이트,프로판다이올,바바수아미도프로필베타인,소듐하이드록시프로필설포네이트라우릴글루코사이드크로스폴리머,소듐클로라이드,아보카도오일,잉카피넛씨오일,유차나무씨오일,옥틸도데실시트레이트크로스폴리머,하이드록시프로필글루콘아마이드,하이드록시프로필암모늄글루코네이트,비스-에틸(아이소스테아릴이미다졸린)아이소스테아라마이드,아크릴레이트코폴리머,글라이콜다이스테아레이트,하이드록시프로필구아하이드록시프로필트리모늄클로라이드,벤질알코올,향료,리날룰,유제놀,제라니올,아밀신남알,벤질살리실레이트,시트로넬올,하이드록시시트로넬알,시트랄,벤질벤조에이트,리모넨,소듐하이드록사이드,타타릭애씨드,시트릭애씨드,소듐파이테이트,소듐벤조에이트,포타슘솔베이트,페녹시에탄올","https://www.oliveyoung.co.kr/store/goods/getGoodsDetail.do?goodsNo=A000000151664&t_page=%ED%86%B5%ED%95%A9%EA%B2%80%EC%83%89%EA%B2%B0%EA%B3%BC%ED%8E%98%EC%9D%B4%EC%A7%80&t_click=%EA%B2%80%EC%83%89%EC%83%81%ED%92%88%EC%83%81%EC%84%B8&t_search_name=%EC%83%B4%ED%91%B8&t_number=234&dispCatNo=1000001000400080001,1000006000100040001&trackingCd=Result_61_all",16900,4.9,430,https://image.oliveyoung.co.kr/cfimages/cf-goods/uploads/images/thumbnails/10/0000/0015/A00000015166422ko.jpg?l=ko,,shampoo,아베다 보태니컬 리페어 스트렝쓰닝 샴푸
[손상 & 건조모발] 클로란 망고버터 데미지 리페어 샴푸 400ml,400ml,"건성모발,영양충전 약산성샴푸","정제수, 데실글루코사이드, 소듐코코일이세티오네이트, 다이소듐라우레스설포석시네이트, 글리세린, 다이소듐코코암포다이아세테이트, 아크릴레이트코폴리머, 망고씨버터(0.01%), 토코페롤, 카프릴릴글라이콜, 세테아레스-60미리스틸글라이콜, 시트릭애씨드, 코코-글루코사이드, 코코넛애 씨드, 향료, 글리세릴올리에이트, 글라이콜스테아레이트, 하이드로제네이티드식물성글리세라이즈시 트레이트, 라우레스-3, 말레익애씨드, 폴리쿼터늄-22, 소듐벤조에이트(0.4%), 소듐클로라이드, 소 듐하이드록사이드, 트라이소듐에틸렌다이아민다이석시네이트, 황색4호(CI19140), 황색5호(CI15985)",https://www.oliveyoung.co.kr/store/goods/getGoodsDetail.do?goodsNo=A000000154285&t_page=%ED%86%B5%ED%95%A9%EA%B2%80%EC%83%89%EA%B2%B0%EA%B3%BC%ED%8E%98%EC%9D%B4%EC%A7%80&t_click=%EA%B2%80%EC%83%89%EC%83%81%ED%92%88%EC%83%81%EC%84%B8&t_search_name=%EC%83%B4%ED%91%B8&t_number=235&dispCatNo=1000001000400080001&trackingCd=Result_61_all,20900,4.6,10250,https://image.oliveyoung.co.kr/cfimages/cf-goods/uploads/images/thumbnails/10/0000/0015/A00000015428545ko.jpg?l=ko,,shampoo,클로란 망고버터 데미지 리페어 샴푸
[NEW/탈모기능성] 현대약품 마이녹셀 스칼프 인텐시브 샴푸 400ml,400 ml,모든 피부용,"정제수, 소듐C14-16올레핀설포네이트, 다이소듐라우레스설포석시네이트, 라우릴베타인, 라우릴하이드록시설테인, 부틸렌글라이콜, 코코-글루코사이드, 돌콩배아추출물, 락토바실러스/콜라겐발효여과물, 라우라마이드미파, 카프릴릴글라이콜, 에틸헥실글리세린, 시트릭애씨드, 폴리쿼터늄-10, 멘톨, 소듐시트레이트, 폴리쿼터늄-22, 글리세린, 판테놀, 나이아신아마이드, 소듐파이테이트, 1,2-헥산다이올, 바이오틴, 멜라토닌, 폴리글리세릴-10라우레이트, 토코페롤, 카프릴로일살리실릭애씨드, 카퍼트라이펩타이드-1, 살리실릭애씨드, 테트라펩타이드-44, 에탄올, 포타슘솔베이트, 향료","https://www.oliveyoung.co.kr/store/goods/getGoodsDetail.do?goodsNo=A000000260923&t_page=%ED%86%B5%ED%95%A9%EA%B2%80%EC%83%89%EA%B2%B0%EA%B3%BC%ED%8E%98%EC%9D%B4%EC%A7%80&t_click=%EA%B2%80%EC%83%89%EC%83%81%ED%92%88%EC%83%81%EC%84%B8&t_search_name=%EC%83%B4%ED%91%B8&t_number=146&dispCatNo=1000001000400080001,1000006000200030002&trackingCd=Result_61_all",50150,,0,https://image.oliveyoung.co.kr/cfimages/cf-goods/uploads/images/thumbnails/10/0000/0026/A00000026092302ko.jpg?l=ko,,shampoo,현대약품 마이녹셀 스칼프 인텐시브 샴푸
[쿨링감UP/탈모완화]달리프 애플민트 쿨링 샴푸 더블기획 (500ml+500ml),■단품 500ml / ■기획품 500ml 2개,■ 모든 피부 타입,"정제수, 코코-베타인, 소듐코코일알라니네이트, 다이소듐라우레스설포석시네이트, 소듐라우로일메틸이세티오네이트, 글리세레스-25피씨에이아이소스테아레이트, 세틸알코올, 폴리쿼터늄-10, 시트릭애씨드, 살리실릭애씨드, 클로페네신, 1,2-헥산다이올, 판테놀, 클로렐라불가리스추출물(100 ppm), 부틸렌글라이콜, 글리세린, 펜타소듐펜테테이트, 소듐클로라이드, 나이아신아마이드, 에틸헥실글리세린, 하이드롤라이즈드콜라겐, 하이드롤라이즈드케라틴, 밤부사 불가리스추출물, 카프릴릴글라이콜, 불가리스쑥추출물, 녹차추출물, 익모초꽃/잎/줄기추출물, 약모밀추출물, 연꽃추출물, 지황추출물, 산수유추출물, 마뿌리추출물, 택사추출물, 모란뿌리추출물, 복령추출물, 알라닌, 알지닌, 아스파틱애씨드, 시스테인, 글루타믹애씨드, 글라이신, 히스티딘, 아이소류신, 류신, 라이신, 메티오닌, 오르니틴, 페닐알라닌, 프롤린, 세린, 타우린, 트레오닌, 트립토판, 타이로신, 발린, 글루타민, 아스파라진, 살비아잎추출물 , 동백나무꽃추출물, 티트리잎추출물, 동백나무씨오일, 녹차씨오일, 스위트아몬드오일, 올리브오일, 프로판다이올, 하이드롤라이즈드완두콩단백질, 피토스테롤, 레시틴, 스쿠알란, 시어버터, 세라마이드엔피, 향료, 알파-아이소메틸아이오논, 벤질살리실레이트, 헥실신남알, 하이드록시시트로넬알, 부틸페닐메틸프로피오날",https://www.oliveyoung.co.kr/store/goods/getGoodsDetail.do?goodsNo=A000000154940&t_page=%ED%86%B5%ED%95%A9%EA%B2%80%EC%83%89%EA%B2%B0%EA%B3%BC%ED%8E%98%EC%9D%B4%EC%A7%80&t_click=%EA%B2%80%EC%83%89%EC%83%81%ED%92%88%EC%83%81%EC%84%B8&t_search_name=%EC%83%B4%ED%91%B8&t_number=149&dispCatNo=1000001000400080001&trackingCd=Result_61_all,19800,4.7,35500,https://image.oliveyoung.co.kr/cfimages/cf-goods/uploads/images/thumbnails/10/0000/0015/A00000015494039ko.jpg?l=ko,,shampoo,달리프 애플민트 쿨링 샴푸
로픈 바오밥 21차 프리미엄 건성 샴푸 1000g,1000ml,건성 두피용,"정제수,코카미도프로필베타인,다이소듐라우레스설포석시네이트,글리세린,소듐클로라이드,폴리쿼터늄-10,부틸렌글라이콜,소듐코코일글루타메이트,소듐벤조에이트,폴리쿼터늄-67,다이소듐코코일글루타메이트,시트릭애씨드,바오밥나무씨추출물(1000ppm),다이프로필렌글라이콜,베르가모트오일,폴리쿼터늄-11,다이코코다이모늄클로라이드,다이소듐이디티에이,라벤더오일,레몬껍질오일,로즈마리잎오일,아이소프로필알코올,유차나무씨오일,토코페릴아세테이트,에탄올,센티드제라늄꽃오일,지황뿌리추출물,산수유열매추출물,일랑일랑꽃오일,참마뿌리추출물,질경이택사덩이줄기추출물,모란뿌리추출물,복령균핵추출물,폴리쿼터늄-7,1,2-헥산다이올,장미꽃오일,페퍼민트잎추출물,석류추출물,뽕나무열매추출물,무화과추출물,은행추출물,뽕나무껍질추출물,카프릴릴글라이콜,마트리카리아잎추출물,염소유추출물,제주진득찰추출물,오레가노잎추출물,라벤더꽃추출물,로즈마리추출물,프로폴리스추출물,알로에베라잎추출물,원지뿌리추출물,꿀추출물,스피어민트추출물,레몬밤추출물,우유단백질추출물,스타아니스추출물,마돈나백합비늘줄기추출물,에틸헥실글리세린",https://www.oliveyoung.co.kr/store/goods/getGoodsDetail.do?goodsNo=A000000161422&t_page=%ED%86%B5%ED%95%A9%EA%B2%80%EC%83%89%EA%B2%B0%EA%B3%BC%ED%8E%98%EC%9D%B4%EC%A7%80&t_click=%EA%B2%80%EC%83%89%EC%83%81%ED%92%88%EC%83%81%EC%84%B8&t_search_name=%EC%83%B4%ED%91%B8&t_number=157&dispCatNo=1000001000400080001&trackingCd=Result_61_all,16900,4.7,870,https://image.oliveyoung.co.kr/cfimages/cf-goods/uploads/images/thumbnails/10/0000/0016/A00000016142201ko.jpg?l=ko,,shampoo,로픈 바오밥 21차 프리미엄 건성 샴푸
트리셀 나이트 콜라겐 샴푸 미드나잇 포레스트 증정 기획 (360ml+120ml),360ml + 120ml,모든 모발용,"[나이트 콜라겐 샴푸 미드나잇 포레스트] 정제수, 소듐C14-16올레핀설포네이트, 코카미도프로필베타인, 글리세린, 코카마이드미파, 라우레스-23, 코카마이드메틸엠이에이, 데실글루코사이드, 소듐클로라이드, 부틸렌글라이콜, 엘-멘톨, 포타슘솔베이트, 살리실릭애씨드, 카프릴릭/카프릭트라이글리세라이드, 시트릭애씨드, 테트라데센, 헥사데센, 덱스판테놀, 폴리쿼터늄-10, 라벤더오일, 멕시칸주니퍼오일, 소듐설페이트, 카페인, 레불리닉애씨드, 일랑일랑꽃오일, 로즈마리잎오일, 하이드롤라이즈드콜라겐(550.5ppm), 폴리쿼터늄-7, 소듐레불리네이트, 오렌지오일, 클레리오일, 베르가모트오일, 베티버뿌리오일, 대왕소나무오일, 당근잎추출물, 프로필렌글라이콜, 1,2-헥산다이올, 하이드로제네이티드레시틴, 글리세릴카프릴레이트, 소듐벤조에이트, 알지닌, 폴리솔베이트60, 펜틸렌글라이콜, 글리세릴폴리메타크릴레이트, 자이언트켈프추출물, 카프릴릴글라이콜, 에틸헥실글리세린, 수용성콜라겐(0.42ppm), 자주천인국추출물, 소듐락테이트, 아르니카 몬타나꽃추출물, 플랑크톤추출물, 해바라기씨오일, 청각추출물, 다시마추출물, 스피룰리나 막시마추출물, 하이드롤라이즈드엘라스틴, 클로렐라 불가리스추출물, 해수, 블래더랙추출물, 병풀추출물, 약모밀추출물, 아세틸헥사펩타이드-8, 톳추출물, 감태추출물, 모자반추출물, 미역추출물, 팔미토일트라이펩타이드-1",https://www.oliveyoung.co.kr/store/goods/getGoodsDetail.do?goodsNo=A000000222922&t_page=%ED%86%B5%ED%95%A9%EA%B2%80%EC%83%89%EA%B2%B0%EA%B3%BC%ED%8E%98%EC%9D%B4%EC%A7%80&t_click=%EA%B2%80%EC%83%89%EC%83%81%ED%92%88%EC%83%81%EC%84%B8&t_search_name=%EC%83%B4%ED%91%B8&t_number=162&dispCatNo=1000001000400080001&trackingCd=Result_61_all,14400,4.8,24230,https://image.oliveyoung.co.kr/cfimages/cf-goods/uploads/images/thumbnails/10/0000/0022/A00000022292223ko.jpg?l=ko,,shampoo,트리셀 나이트 콜라겐 샴푸 미드나잇 포레스트
[단백질 2배]힐링버드 리바이브 단백질 샴푸 500ml,500ml,모든 피부타입,"정제수 소듐C14-16올레핀설포네이트 라우릴하이드록시설테인 소듐코코일이세티오네이트 소듐라우로일메틸아미노프로피오네이트 소듐메틸코코일타우레이트 소듐클로라이드 다이프로필렌글라이콜 소듐벤조에이트 에탄올 피이지-120메틸글루코스디올리에이트 폴리쿼터늄-10 카프릴릴글라이콜 피피지-14부틸에터 덱스판테놀 살리실릭애씨드 글라이콜다이스테아레이트 폴리쿼터늄-22 시트릭애씨드 트라이하이드록시스테아린 다이소듐이디티에이 나이아신아마이드 1,2-헥산다이올 부틸렌글라이콜 수크로오스 하이드롤라이즈드콩단백질 하이드롤라이즈드콜라겐 하이드롤라이즈드익스텐신 하이드롤라이즈드옥수수단백질 하이드롤라이즈드쌀단백질 하이드롤라이즈드감자단백질 맥아추출물 잇꽃꽃추출물 하이드롤라이즈드케라틴 글리세린 다이소듐포스페이트 코카마이드메틸엠이에이 카프릴릭/카프릭트라이글리세라이드 세라마이드엔피 바오밥나무씨오일 하이드로제네이티드레시틴 토코페롤 세라마이드엔에스 세라마이드에이에스 세라마이드이오피 세라마이드에이피 소듐하이알루로네이트 향료 헥실신남알 리모넨",https://www.oliveyoung.co.kr/store/goods/getGoodsDetail.do?goodsNo=A000000209981&t_page=%ED%86%B5%ED%95%A9%EA%B2%80%EC%83%89%EA%B2%B0%EA%B3%BC%ED%8E%98%EC%9D%B4%EC%A7%80&t_click=%EA%B2%80%EC%83%89%EC%83%81%ED%92%88%EC%83%81%EC%84%B8&t_search_name=%EC%83%B4%ED%91%B8&t_number=163&dispCatNo=1000001000400080001&trackingCd=Result_61_all,13900,4.8,5870,https://image.oliveyoung.co.kr/cfimages/cf-goods/uploads/images/thumbnails/10/0000/0020/A00000020998102ko.jpg?l=ko,,shampoo,힐링버드 리바이브 단백질 샴푸
알페신 카페인샴푸 C1 250ml,250ml,모든 피부용,"정제수, 소듐라우레스설페이트, 라우레스-2, 디소듐라우레스설포석시네이트, 소듐라우로일글루타메이트, 소듐클로라이드, 카페인(1%), 판테놀, 향료, 피이지-120메칠글루코오스디올리에이트, 하이드롤라이즈드밀단백질, 시트릭애씨드, 소듐시트레이트, 포타슘소르베이트, 피이지-40하이드로제네이티드 캐스터오일, 멘톨, 폴리쿼터늄-7,디소듐이디티에이, 소듐벤조에이트, 징크피씨에이, 프로필파라벤, 나이아신아마이드, 리모넨, 토코페롤, 페녹시에탄올, 메칠파라벤, 청색1호, 자색401호","https://www.oliveyoung.co.kr/store/goods/getGoodsDetail.do?goodsNo=A000000173634&t_page=%ED%86%B5%ED%95%A9%EA%B2%80%EC%83%89%EA%B2%B0%EA%B3%BC%ED%8E%98%EC%9D%B4%EC%A7%80&t_click=%EA%B2%80%EC%83%89%EC%83%81%ED%92%88%EC%83%81%EC%84%B8&t_search_name=%EC%83%B4%ED%91%B8&t_number=165&dispCatNo=1000001000400080001,1000006000200030002&trackingCd=Result_61_all",12600,4.8,4470,https://image.oliveyoung.co.kr/cfimages/cf-goods/uploads/images/thumbnails/10/0000/0017/A00000017363420ko.png?l=ko,,shampoo,알페신 카페인샴푸 C1
[탈모기능성/볼륨영양] 마이녹셀 뉴트리션 스칼프 볼륨 샴푸 480ml,480ml,모든피부용,"정제수, 소듐C14-16올레핀설포네이트, 라우릴베타인, 다이소듐라우레스설포석시네이트, 코카마이드미파, 소듐라우로일메틸아미노프로피오네이트, 소듐클로라이드, 코코-글루코사이드, 소듐벤조에이트, 소듐코코일이세티오네이트, 데실글루코사이드, 향료, 멘톨, 폴리쿼터늄-10, 시트릭애씨드, 헥사데센, 테트라데센, 폴리쿼터늄-22, 덱스판테놀, 살리실릭애씨드, 나이아신아마이드, 에틸헥실글리세린, 구아하이드록시프로필트라이모늄클로라이드, 소듐파이테이트, 코코넛애씨드, 글리세린, 소듐이세티오네이트, 부틸렌글라이콜, 폴리글리세릴-10라우레이트, 하이드로제네이티드레시틴, 1,2-헥산다이올, 글라이신, 알지닌, 말토덱스트린, 암모늄아크릴로일다이메틸타우레이트/브이피코폴리머, 세린, 글루타믹애씨드, 클로렐라발효물, 판테놀, 멜라토닌, 아스파틱애씨드, 류신, 알라닌, 라이신, 타이로신, 페닐알라닌, 프롤린, 트레오닌, 발린, 아이소류신, 히스티딘, 시스테인, 메티오닌, 바이오틴, 트리스(테트라메틸하이드록시피페리딘올)시트레이트, 카프릴릴글라이콜, 아세틸헥사펩타이드-8, 리모넨, 리날룰","https://www.oliveyoung.co.kr/store/goods/getGoodsDetail.do?goodsNo=A000000247695&t_page=%ED%86%B5%ED%95%A9%EA%B2%80%EC%83%89%EA%B2%B0%EA%B3%BC%ED%8E%98%EC%9D%B4%EC%A7%80&t_click=%EA%B2%80%EC%83%89%EC%83%81%ED%92%88%EC%83%81%EC%84%B8&t_search_name=%EC%83%B4%ED%91%B8&t_number=166&dispCatNo=1000001000400080001,1000006000200030001,1000006000200030002&trackingCd=Result_61_all",12500,5.0,2370,https://image.oliveyoung.co.kr/cfimages/cf-goods/uploads/images/thumbnails/10/0000/0024/A00000024769512ko.jpg?l=ko,,shampoo,마이녹셀 뉴트리션 스칼프 볼륨 샴푸
닥터시드 블랙빈 안티헤어로스 샴푸 1000ml (탈모증상완화),1000ml,모든피부타입,"정제수, 라우라미도프로필베타인, 소듐C14-16올레핀설포네이트, 검정콩추출물(2%), 소듐코코일이세티오네이트, 라우릴베타인, 소듐클로라이드, 글리세린, 하이드로제네이티드코코넛애씨드, 소듐이세티오네이트, 알란토인, 트레할로오스, 살리실릭애씨드, 나이아신아마이드, 덱스판테놀, 부텔렌글라이콜, 쇠비름추출물, 하수오뿌리추출물, 참당귀뿌리추출물, 족도리풀뿌리추출물, 도둑놈의지팡이뿌리추출물, 측백나무잎추출물, 구기자추출물, 은행나무잎추출물, 잇꽃꽃추출물, 토탄수, 아라비아고무나무검, 시트릭애씨드, 포타슘솔베이트, 하이드록시프로필메틸셀룰로오스, 포타슘코코일글루타메이트, 데실글루코사이드, 소듐코코일글루타메이트, 라우릴글루코사이드, 소듐시트레이트, 1,2-헥산다이올, 에틸헥실글리세린, 폴리쿼터늄-10, 다이소듐이디티에이, 향료",https://www.oliveyoung.co.kr/store/goods/getGoodsDetail.do?goodsNo=A000000154858&t_page=%ED%86%B5%ED%95%A9%EA%B2%80%EC%83%89%EA%B2%B0%EA%B3%BC%ED%8E%98%EC%9D%B4%EC%A7%80&t_click=%EA%B2%80%EC%83%89%EC%83%81%ED%92%88%EC%83%81%EC%84%B8&t_search_name=%EC%83%B4%ED%91%B8&t_number=159&dispCatNo=1000001000400080001&trackingCd=Result_61_all,15500,4.8,2660,https://image.oliveyoung.co.kr/cfimages/cf-goods/uploads/images/thumbnails/10/0000/0015/A00000015485808ko.jpg?l=ko,,shampoo,닥터시드 블랙빈 안티헤어로스 샴푸
[영양+코팅][플로럴 향] 로레알파리 드림랭스 샴푸 400ml,400ml,"캐스터 오일, 비타민, 단백질 함유, 손상모 끝갈라짐 & 두피를 케어하는 산뜻한 고영양 샴푸",정제수 소듐라우레스설페이트 소듐클로라이드 코카미도프로필베타인 다이메티콘 향료 티타늄디옥사이드 구아하이드록시프로필트라이모늄클로라이드 나이아신아마이드 피마자씨오일 마이카 코코-베타인 소듐벤조에이트 소듐하이드록사이드 하이드록시시트로넬알 하이드롤라이즈드콩단백질 하이드록시프로필트라이모늄하이드롤라이즈드밀단백질 페녹시에탄올 스테아레스-6 아세틱애씨드 피이지-100스테아레이트 트라이데세스-10 트라이데세스-3 살리실릭애씨드 리모넨 푸마릭애씨드 판테놀 벤질살리실레이트 리날룰 벤질알코올 펜틸렌글라이콜 아모다이메티콘 알파-아이소메틸아이오논 카보머 제라니올 시트릭애씨드 시트로넬올 쿠마린 헥실렌글라이콜 헥실신남알 글리세린 글라이콜다이스테아레이트,https://www.oliveyoung.co.kr/store/goods/getGoodsDetail.do?goodsNo=A000000152569&t_page=%ED%86%B5%ED%95%A9%EA%B2%80%EC%83%89%EA%B2%B0%EA%B3%BC%ED%8E%98%EC%9D%B4%EC%A7%80&t_click=%EA%B2%80%EC%83%89%EC%83%81%ED%92%88%EC%83%81%EC%84%B8&t_search_name=%EC%83%B4%ED%91%B8&t_number=167&dispCatNo=1000001000400080001&trackingCd=Result_61_all,11900,4.8,27620,https://image.oliveyoung.co.kr/cfimages/cf-goods/uploads/images/thumbnails/10/0000/0015/A00000015256927ko.jpg?l=ko,,shampoo,로레알파리 드림랭스 샴푸
[특허/탈모완화] SOOO 스윔 단백질 샴푸 500ml (두피 영양 케어) 단품 / 기획,500ml,모든 피부,"정제수, 소듐C14-16올레핀설포네이트, 다이프로필렌글라이콜, 코코-베타인, 1,2-헥산다이올, 라우릴하이드록시설테인, 라우릴글루코사이드, 시트릭애씨드, 글리세린, 판테놀, 사이클로덱스트린, 소듐코코일알라니네이트, 폴리쿼터늄-10, 향료, 피록톤올아민, 소듐클로라이드, 살리실릭애씨드, 폴리쿼터늄-22, 부틸렌글라이콜, 비니거, 하이드롤라이즈드케라틴, 폴리쿼터늄-67, 소듐티오설페이트, 하이드롤라이즈드엘라스틴, 다이소듐이디티에이, 나이아신아마이드, 알로에베라잎추출물, 테트라데센, 헥사데센, 소듐설페이트, 스위트아몬드오일, 호호바씨오일, 페퍼민트오일, 유칼립투스잎오일, 하이드로제네이티드레시틴, 소듐아세테이트, 아이소프로필알코올, 병풀추출물, 무화과추출물, 소듐벤조에이트, 세라마이드엔피, 아세틸헥사펩타이드-8, 카퍼트라이펩타이드-1, 팔미토일펜타펩타이드-4, 트라이펩타이드-1, 팔미토일트라이펩타이드-1, 헥사펩타이드-9, 노나펩타이드-1, 폴리글리세릴-10라우레이트, 하이드롤라이즈드콜라겐, 제올라이트, 아스코빅애씨드, 테트라메틸아세틸옥타하이드로나프탈렌, 리날룰, 리모넨, 리날릴아세테이트, 피넨",https://www.oliveyoung.co.kr/store/goods/getGoodsDetail.do?goodsNo=A000000233183&t_page=%ED%86%B5%ED%95%A9%EA%B2%80%EC%83%89%EA%B2%B0%EA%B3%BC%ED%8E%98%EC%9D%B4%EC%A7%80&t_click=%EA%B2%80%EC%83%89%EC%83%81%ED%92%88%EC%83%81%EC%84%B8&t_search_name=%EC%83%B4%ED%91%B8&t_number=178&dispCatNo=1000001000400080001&trackingCd=Result_61_all,28300,4.9,14100,https://image.oliveyoung.co.kr/cfimages/cf-goods/uploads/images/thumbnails/10/0000/0023/A00000023318312ko.jpg?l=ko,,shampoo,SOOO 스윔 단백질 샴푸
이고세 설페이트 프리 탈모 증상완화 샴푸 1000ml 5종(탈모/비듬/손상모/유분케어/볼륨),1000ml,모든 모발용,"[그로우 모모] 정제수,소듐C14-16올레핀설포네이트,코카미도프로필베타인,코카마이드미파,글리세린,맥주효모추출물,바이오틴,락토바실러스발효용해물,감추출물,동백나무잎추출물,캐롭열매추출물,붉은토끼풀꽃추출물,소듐클로라이드,멘톨,시트릭애씨드,소듐벤조에이트,구아하이드록시프로필트라이모늄클로라이드,덱스판테놀,살리실릭애씨드,부틸렌글라이콜,나이아신아마이드,아이소프로판올아민,다이소듐이디티에이,1,2-헥산다이올,에틸헥실글리세린,하이드롤라이즈드익스텐신,프록토올리고사카라이드,덱스트란,아세틸테트라펩타이드-3,향료,시트랄,시트로넬올,제라니올,하이드록시아세토페논,헥실신남알,리모넨,리날룰 [리페어 모모] 정제수,소듐C14-16올레핀설포네이트,코카미도프로필베타인,코카마이드엠이에이,글라이콜다이스테아레이트,소듐클로라이드,글리세린,맥주효모추출물,바이오틴,락토바실러스발해용해물,하이드롤라이즈드콜라겐,하이드롤라이즈드익스텐신,하이드롤라이즈드케라틴,하이드롤라이즈드실크,하이드롤라이즈드엘라스틴,하이드롤라이즈드콩단백질,하이드롤라이즈드옥수수단백질,하이드롤라이즈드글라이코사미노글리칸,소듐하이알루로네이트,별꽃추출물,하이드록시프로필트라이모늄하이알루로네이트,아이알루로닉애씨드,하이드록시아세토페논,시트릭애씨드,폴리쿼터늄-10,에틸헥실글리세린,폴리쿼터늄-7,구아하이드록시프로필트라이모늄클로라이드,부틸렌글라이콜,소듐벤조에이트,프로판다이올,1,2-헥산다이올,프룩토올리고사카라이드,소듐하이알루로네이트크로스폴리머,하이드롤라이즈드하이알루로닉애씨드,카프릴릴글라이콜,다이소듐이디티에이,소듐아세틸레이티드하이알루로네이트,벤질클라이콜,향료,벤질벤조에이트 [볼륨 모모] 정제수,소듐C14-16올레핀설포네이트,코카미도프로필베타인,코카마이드엠이에이,글리세린,향료,맥주효모추출물,바이오틴,락토바실러스발효용해물,지황뿌리추출물,산수유열매추출물,질경이택사덩이줄기추출물,참마뿌리추출물,중국토복령추출물,모란뿌리추출물,하이드롤라이즈드콩단백질,하이드롤라이즈드밀단백질,하이드롤라이즈드옥수수단백질,하이드롤라이즈드익스텐신,프룩토올리고사카라이드,소듐클로라이드,부틸렌글라이콜,시트릭애씨드,소듐벤조에이트,1.2-헥산다이올,하이드록시아세토페논,에틸헥실글리세린,폴리쿼터늄-10,폴리쿼터늄-7,구아하이드록시프로필트라이모늄클로라이드,다이소듐이디티에이 [클린 모모] 정제수,소듐C14-16 올레핀설포네이트,라우릴베타인,글리세린,맥주효모추출물,바이오틴,락토바실러스발효용해물,인디안구스베리추출물,콘민트추출물,라벤더추출물,황련뿌리추출물,편백잎추출물,소나무잎추출물,유칼립투스잎추출물,생열귀나무싹추출물,프룩토올리고사카라이드,퀴노아씨추출물,밤부사불가리스추출물,덱스판테놀,코카마이드미파,소듐클로라이드,소듐코코일이세티오네이트,멘톨,소듐벤조에이트,시트릭애씨드,살리실릭애씨드,폴리쿼터늄-10,에틸헥실글리세린,클림바졸,폴리쿼터늄-7,나이아신아마이드,구아하이드록시프로필트라이모늄클로라이드,다이소듐이디티에이,피록톤올아민,아이소프로판올아민,메틸프로판다이올,글리세릴카프릴레이트,부틸렌글라이콜,프로필렌글라이콜,하이드롤라이즈드익스텐신,1,2-헥산다이올,향료,시트랄,리모넨 [프레시 모모] 정제수,소듐C14-16올레핀설포네이트,라우릴베타인,멘톨,글리세린,맥주효모추출물,바이오틴,락토바실러스발효용해물,아보카도열매추출물,코카마이드미파,씨솔트,시트릭애씨드,살리실릭애씨드,덱스판테놀,에틸헥실글리세린,나이아신아마이드,다이소듐이디티에이,구아하이드록시프로필트라이모늄클로라이드,클림바졸,부틸아보카데이트,프로판다이올,부틸렌글라이콜,하이드롤라이즈드익스텐신,프룩토올리고사카라이드,토코페롤,아이소프로판올아민,메틸프로판다이올,글리세릴카프릴레이트,1,2-헥산다이올,소듐클로라이드,소듐코코일이세티오네이트,소듐벤조에이트,폴리쿼터늄-7,폴리쿼터늄-10,향료 정제수,소듐C14-16올레핀설포네이트,라우릴베타인,멘톨,글리세린,맥주효모추출물,바이오틴,락토바실러스발효용해물,아보카도열매추출물,코카마이드미파,씨쏠트,시트릭애씨드,살리실릭애씨드,덱스판테놀,에틸헥실글리세린,나이아신아마이드,다이소듐이디티에이,구아하이드록시프로필트라이모늄클로라이드,클림바졸,부틸아보카데이트,프로판다이올,부틸렌글라이콜,하이드롤라이즈드익스텐신,프룩토올리고사카라이드,토코페롤,아이소프로올아민,메틸프로판다이올,글리세릴카프릴레이트,1,2-헥산다이올,소듐클로라이드,소듐코코일이세티오네이트,소듐벤조에이트,폴리쿼터늄-7,폴리쿼터늄-10,향료",https://www.oliveyoung.co.kr/store/goods/getGoodsDetail.do?goodsNo=A000000254840&t_page=%ED%86%B5%ED%95%A9%EA%B2%80%EC%83%89%EA%B2%B0%EA%B3%BC%ED%8E%98%EC%9D%B4%EC%A7%80&t_click=%EA%B2%80%EC%83%89%EC%83%81%ED%92%88%EC%83%81%EC%84%B8&t_search_name=%EC%83%B4%ED%91%B8&t_number=184&dispCatNo=1000001000400080001&trackingCd=Result_61_all,13800,5.0,10,https://image.oliveyoung.co.kr/cfimages/cf-goods/uploads/images/thumbnails/10/0000/0025/A00000025484006ko.jpg?l=ko,,shampoo,이고세 설페이트 프리 탈모 증상완화 샴푸
블랙몬스터 밸런싱 쿨링 샴푸,500ml / 16.91 fl.oz,모든 피부용 / 지성피부 추천,"정제수, 소듐C4-16올레핀설포네이트, 코코-베타인, 소듐클로라이드, 빙하수, 메틸 프로판다이올, 멘톨, 12산다이올,부틸렌글라이콜, 소듐코코일글라이시네이트, 티트리잎오일, 폴리글리세릴-10라우레이트, 폴리글리세릴-4라우레이트,카프릴릴 카프릴글루코사이드, 베타인, 알란토인, 폴리쿼터늄 10카프릴릴글라이콜, 시트릭애 씨드, 다이소듐이디티에이, 클림바, 감나무잎추출물, 밤껍질추출물, 녹차추출물, 잇꽃꽃추출물, 포도추출물, 커피콩추출물, 초피나무열매추출물, 호장근뿌리추출물, 흰버드나무껍질추출물, 오레가노잎추출물, 편백잎추출물, 락토바실러스/콩발효추 출물, 육계나무껍질추출물, 황금추출물, 쇠비름추출물, 에틸헥실글리세린, 향료, 시 트로넬올, 리날룰","https://www.oliveyoung.co.kr/store/goods/getGoodsDetail.do?goodsNo=B000000223926&t_page=%ED%86%B5%ED%95%A9%EA%B2%80%EC%83%89%EA%B2%B0%EA%B3%BC%ED%8E%98%EC%9D%B4%EC%A7%80&t_click=%EA%B2%80%EC%83%89%EC%83%81%ED%92%88%EC%83%81%EC%84%B8&t_search_name=%EC%83%B4%ED%91%B8&t_number=190&dispCatNo=1000001000400080001,1000006000200030002&trackingCd=Result_61_all",36100,,0,https://image.oliveyoung.co.kr/cfimages/cf-goods/uploads/images/thumbnails/10/0000/0022/B00000022392601ko.png?l=ko,,shampoo,블랙몬스터 밸런싱 쿨링 샴푸
닥터방기원 클리니컬 지성 두피용 탈모샴푸 1000ml,"1,000ml",모든 피부용,"정제수, 소듐C14-16올레핀설포네이트, 라우릴베타인, 소듐클로라이드, 소듐벤조에이트, 멘톨, 향료, C12-13파레스-9, 글리세린, 카프릴릴글라이콜, 피피지-3카프릴릴에터, 코코-글루코사이드, 시트릭애씨드, 폴리쿼터늄-10, 살리실릭애씨드, 덱스판테놀(판테놀), 피록톤올아민, 데실글루코사이드, 나이아신아마이드, 클림바졸, 다이소듐이디티에이, 폴리쿼터늄-7, 부틸렌글라이콜, 1,2-헥산다이올, 글루코닉애씨드, 만델릭애씨드, 프로필렌글라이콜, 카우슬립추출물, 소듐하이드록사이드, 락토바이오닉애씨드, 밤부사 불가리스추출물, 퀴노아씨추출물, 생열귀나무싹추출물, 소듐하이알루로네이트크로스폴리머, 라벤더꽃추출물, 로즈마리잎추출물, 마트리카리아꽃추출물, 베르가못잎추출물, 페퍼민트잎추출물, 프리지아추출물, 소듐디엔에이, 병풀캘러스세포외소포, 에틸헥실글리세린, 리날룰, 헥실신남알",https://www.oliveyoung.co.kr/store/goods/getGoodsDetail.do?goodsNo=B000000257553&t_page=%ED%86%B5%ED%95%A9%EA%B2%80%EC%83%89%EA%B2%B0%EA%B3%BC%ED%8E%98%EC%9D%B4%EC%A7%80&t_click=%EA%B2%80%EC%83%89%EC%83%81%ED%92%88%EC%83%81%EC%84%B8&t_search_name=%EC%83%B4%ED%91%B8&t_number=215&dispCatNo=1000001000400080001&trackingCd=Result_61_all,17800,4.0,40,https://image.oliveyoung.co.kr/cfimages/cf-goods/uploads/images/thumbnails/10/0000/0025/B00000025755306ko.jpg?l=ko,,shampoo,닥터방기원 클리니컬 지성 두피용 탈모샴푸
아베다 샴퓨어 너쳐링 샴푸 250ml,250ml,모든 모발용,"정제수,암모늄라우릴설페이트,코카마이드미파,프로판다이올,바바수아미도프로필베타인,아비시니안케일씨오일,아나토씨추출물,글리세린,피이지-60아몬드글리세라이드,폴리솔베이트80,폴리쿼터늄-10,소듐클로라이드,시트릭애씨드,향료,리날룰,제라니올,시트로넬올,벤질벤조에이트,리모넨,소듐파이테이트,벤조익애씨드,페녹시에탄올,포타슘솔베이트,소듐벤조에이트,아나토","https://www.oliveyoung.co.kr/store/goods/getGoodsDetail.do?goodsNo=A000000123739&t_page=%ED%86%B5%ED%95%A9%EA%B2%80%EC%83%89%EA%B2%B0%EA%B3%BC%ED%8E%98%EC%9D%B4%EC%A7%80&t_click=%EA%B2%80%EC%83%89%EC%83%81%ED%92%88%EC%83%81%EC%84%B8&t_search_name=%EC%83%B4%ED%91%B8&t_number=218&dispCatNo=1000001000400080001,1000006000100040001&trackingCd=Result_61_all",32300,4.6,1000,https://image.oliveyoung.co.kr/cfimages/cf-goods/uploads/images/thumbnails/10/0000/0012/A00000012373905ko.jpg?l=ko,,shampoo,아베다 샴퓨어 너쳐링 샴푸
[피지/각질/냄새 케어] 솔랩 두피 스케일러 250ml + 브러쉬 기획,단품: 두피 스케일러 250ml /기획: 두피 스케일러 250ml + 스칼프 듀얼 스케일링 브러쉬,모든 피부용,"정제수, 편백수, 소듐코코일알라니네이트, 티이에이-코코일글루타메이트, 코코-베타인, 멘톨, 소듐벤조에이트, 피피지-3카프릴릴에터, 1,2-헥산다이올, 소듐클로라이드, 트로메타민, 카프릴릴글라이콜, 아크릴레이트코폴리머, 살리실릭애씨드, 덱스판테놀, 로즈마리잎오일, 폴리쿼터늄-22, 폴리쿼터늄-10, 시트릭애씨드, 다이소듐이디티에이, 나이아신아마이드, 스피어민트잎오일, 폴리쿼터늄-7, 클림바졸, 에틸헥실글리세린, 부틸렌글라이콜, 페퍼민트추출물, 티트리잎추출물, 유칼립투스잎추출물, 약모밀추출물, 살비아잎추출물, 사과추출물, 버지니아풍년화잎추출물, 레몬밤잎추출물, 라벤더꽃추출물, 티트리잎오일, 유칼립투스잎오일, 코치닐선인장열매추출물, 오미자추출물, 알로에베라잎추출물, 카프릴로일살리실릭애씨드, 밀리타리스동충하초추출물, 꽃송이버섯추출물, 리모넨",https://www.oliveyoung.co.kr/store/goods/getGoodsDetail.do?goodsNo=A000000241715&t_page=%ED%86%B5%ED%95%A9%EA%B2%80%EC%83%89%EA%B2%B0%EA%B3%BC%ED%8E%98%EC%9D%B4%EC%A7%80&t_click=%EA%B2%80%EC%83%89%EC%83%81%ED%92%88%EC%83%81%EC%84%B8&t_search_name=%EC%8A%A4%EC%BC%80%EC%9D%BC%EB%9F%AC&t_number=1&dispCatNo=1000001000400080006&trackingCd=Result_1,27200,4.9,31290,https://image.oliveyoung.co.kr/cfimages/cf-goods/uploads/images/thumbnails/10/0000/0024/A00000024171540ko.jpg?l=ko,,scaler,솔랩 두피 스케일러 + 브러쉬
[구매인증/증정이벤트] 닥터포헤어 폴리젠 씨크닝 스칼프 세럼 50ml 기획 (+스케일러 60g),세럼 50ml + 스케일러 60g,모든 피부,"[폴리젠 씨크닝 스칼프 세럼] 정제수, 변성알코올, 카프릴릭/카프릭트라이글리세라이드, C12-14알케스-12, 부틸렌글라이콜, 펜틸렌글라이콜, 지치뿌리추출물, 캐스터오일/아이피디아이코폴리머, 돌콩배아추출물, 하이드롤라이즈드해면, 영지버섯추출물, 락토바실러스발효물, 호호바씨오일, 사발팜열매추출물, 1,2-헥산다이올, 프로판다이올, 젤란검, 아가, 에틸헥실글리세린, 트로메타민, 소듐파이테이트, 시트릭애씨드, 사이아노코발아민, 글리세린, 소듐디엔에이, 토코페롤, 카퍼트라이펩타이드-1, 바쿠치올, 아세틸테트라펩타이드-3, 베타-시토스테롤, 바이오틴, 세라마이드엔피, 폴리글리세릴-10스테아레이트, 하이드로제네이티드레시틴, 카보머, 잔탄검, 멘톨 [폴리젠 씨솔트 스케일러] 소듐클로라이드, 정제수, 코코-베타인, 글리세린, 씨솔트 (50,000 ppm), 소듐코코일알라니네이트, 라우릴베타인, 코카마이드엠이에이, 소듐라우로일글루타메이트, 변성알코올, 포타슘코코에이트, 피피지-3카프릴릴에터, 트레할로오스, 카프릴릴글라이콜, 아이소프로필미리스테이트, 멘톨, 트라이하이드록시스테아린, 폴리쿼터늄-10, 덱스판테놀, 살리실릭애씨드, 수크로오스스테아레이트, 트로메타민, 나이아신아마이드, 멘틸락테이트, 페퍼민트오일, 콘민트오일, 소듐벤조에이트, 카프릴릭/카프릭트라이글리세라이드, 티트리잎오일, 아르간커넬오일, 동백나무씨오일, 드럼스틱씨오일, 사발팜열매추출물, 편백잎추출물, 부틸렌글라이콜, 1,2-헥산다이올, 폴리솔베이트80, 레시틴, 세라마이드엔피, 페퍼민트잎추출물, 프리지어추출물, 베르가못잎추출물, 마트리카리아꽃추출물, 로즈마리잎추출물, 라벤더추출물, 카페인, 아데노신, 바이오틴, 스피어민트추출물, 폴스애플민트잎추출물, 병풀추출물, 에틸헥실글리세린, 징크피리치온, 생강추출물, 소듐폴리나프탈렌설포네이트, 아시아틱애씨드, 아시아티코사이드, 마데카식애씨드, 마데카소사이드, 향료, 헥실신남알",https://www.oliveyoung.co.kr/store/goods/getGoodsDetail.do?goodsNo=A000000235472&t_page=%ED%86%B5%ED%95%A9%EA%B2%80%EC%83%89%EA%B2%B0%EA%B3%BC%ED%8E%98%EC%9D%B4%EC%A7%80&t_click=%EA%B2%80%EC%83%89%EC%83%81%ED%92%88%EC%83%81%EC%84%B8&t_search_name=%EC%8A%A4%EC%BC%80%EC%9D%BC%EB%9F%AC&t_number=2&dispCatNo=1000001000400140001&trackingCd=Result_2,27900,4.8,43590,https://image.oliveyoung.co.kr/cfimages/cf-goods/uploads/images/thumbnails/10/0000/0023/A00000023547254ko.png?l=ko,,tonic,닥터포헤어 폴리젠 씨크닝 스칼프 세럼
[구매인증/증정이벤트] 닥터포헤어 폴리젠 씨솔트 엑스폴리에이터 250g 기획 (+60g),250g+60g,모든 피부,"소듐클로라이드, 정제수, 코코-베타인, 글리세린, 씨솔트(50,000ppm), 소듐코코일알라니네이트, 라우릴베타인, 소듐라우로일글루타메이트, 코카마이드엠이에이, 변성알코올, 포타슘코코에이트, 피피지-3카프릴릴에터, 향료, 카프릴릴글라이콜, 아이소프로필미리스테이트, 트레할로오스, 멘톨, 트라이하이드록시스테아린, 폴리쿼터늄-10, 덱스판테놀, 살리실릭애씨드, 수크로오스스테아레이트, 나이아신아마이드, 트로메타민, 멘틸락테이트, 콘민트오일, 페퍼민트오일, 부틸렌글라이콜, 메틸프로판다이올, 티트리잎오일, 향부자추출물, 편백잎추출물, 피록톤올아민, 1,2-헥산다이올, 달맞이꽃오일, 로즈마리잎오일, 매실추출물, 스위트아몬드오일, 아데노신, 아보카도오일, 인동덩굴꽃추출물, 카페인, 호호바씨오일, 황금추출물, 락토바실러스발효물, 아세틸테트라펩타이드-3, 바이오틴, 사발팜열매추출물, 세라마이드엔피, 카퍼트라이펩타이드-1, 헥실신남알",https://www.oliveyoung.co.kr/store/goods/getGoodsDetail.do?goodsNo=A000000141338&t_page=%ED%86%B5%ED%95%A9%EA%B2%80%EC%83%89%EA%B2%B0%EA%B3%BC%ED%8E%98%EC%9D%B4%EC%A7%80&t_click=%EA%B2%80%EC%83%89%EC%83%81%ED%92%88%EC%83%81%EC%84%B8&t_search_name=%EC%8A%A4%EC%BC%80%EC%9D%BC%EB%9F%AC&t_number=3&dispCatNo=1000001000400080006&trackingCd=Result_3,18900,4.8,113400,https://image.oliveyoung.co.kr/cfimages/cf-goods/uploads/images/thumbnails/10/0000/0014/A00000014133859ko.png?l=ko,,scaler,닥터포헤어 폴리젠 씨솔트 엑스폴리에이터
[두피치약] 민트리 탄산버블 두피 스케일러 75g (15gx5ea),15gx5ea,모든 모발용,"정제수, 라우릴글루코사이드, 글리세린, 다이소듐코코암포다이아세테이트, 메틸퍼플루오로아이소부틸에터, 메틸퍼플루오로부틸에터, 다이소듐라우레스설포석시네이트, 아크릴레이트코폴리머, 소듐코코일알라니네이트, 소듐클로라이드, 멘톨, 페퍼민트오일, 코카마이드프로필베타인, 베타인, 카프릴릴글라이콜, 살리실릭애씨드, 판테놀, 에탄올, 나이아신아마이드, 다이프로필렌글라이콜, 알란토인, 글리세릴카프릴레이트, 리모넨, 바이오틴, 창포뿌리추출물, 병풀잎추출물, 부틸렌글라이콜, 검정콩추출물, 락토코쿠스발효용해물, 비피다발효용해물, 락토바실러스발효용해물, 1,2-헥산다이올, 하이드로제네이티드레시틴, 아시아티코사이드, 마데카식애씨드, 아시아틱애씨드, 베타-글루칸, 세라마이드엔피",https://www.oliveyoung.co.kr/store/goods/getGoodsDetail.do?goodsNo=A000000211314&t_page=%ED%86%B5%ED%95%A9%EA%B2%80%EC%83%89%EA%B2%B0%EA%B3%BC%ED%8E%98%EC%9D%B4%EC%A7%80&t_click=%EA%B2%80%EC%83%89%EC%83%81%ED%92%88%EC%83%81%EC%84%B8&t_search_name=%EC%8A%A4%EC%BC%80%EC%9D%BC%EB%9F%AC&t_number=4&dispCatNo=1000001000400080006&trackingCd=Result_4,20400,4.9,11530,https://image.oliveyoung.co.kr/cfimages/cf-goods/uploads/images/thumbnails/10/0000/0021/A00000021131410ko.jpg?l=ko,,scaler,민트리 탄산버블 두피 스케일러
[1위 스케일러/두피 딥 클렌징] 그로우어스 씨솔트 테라피 두피스케일러 EX 265g 단품/기획,더블기획 : 265g + 265g /기획 : 265g + 샴푸 50g / 단품: 265g,모든피부용,"[본품] 소듐클로라이드(456,300ppm), 정제수, 코카마이드엠이에이, 코카미도프로필베타인, 글리세린, 다이소듐라우레스설포석시네이트, 소듐라우로일글루타메이트, 데실글루코사이드, 글라이콜다이스테아레이트, 글라이콜스테아레이트, 코코-글루코사이드, 구아하이드록시프로필트라이모늄클로라이드, 바닐릴부틸에터, 멘톨, 소듐벤조에이트, 살리실릭애씨드, 덱스판테놀, 포타슘하이드록사이드, 말토덱스트린, 나이아신아마이드, 카라멜, 솔비톨, 다이소듐이디티에이, 부틸렌글라이콜, 씨솔트(100ppm), 해수(97ppm), 에틸헥실글리세린, 바닐린, 1,2-헥산다이올, 셀러리추출물, 브로콜리추출물, 시금치추출물, 카프릴로일살리실릭애씨드, 편백수, 시카카이열매추출물, 팥추출물, 지황뿌리추출물, 달맞이꽃꽃추출물, 칡뿌리추출물, 대왕소나무잎추출물, 당느릅나무뿌리추출물, 향료, 리모넨, 알파-아이소메틸아이오논, 리날룰 [증정품] 정제수, 소듐C14-16올레핀설포네이트, 다이소듐라우레스설포석시네이트, 아크릴레이트코폴리머, 코카미도프로필베타인, 코카마이드엠이에이, 멘톨, 폴리쿼터늄-10, 소듐벤조에이트, 소듐클로라이드(2,625ppm), 살구씨가루, 살리실릭애씨드, 덱스판테놀, 테트라데센, 소듐설페이트, 마이크로크리스탈린셀룰로오스, 에틸헥실글리세린, 헥사데센, 호두나무열매껍질가루, 나이아신아마이드, 포타슘하이드록사이드, 글리세린, 소듐글루코네이트, 맥아추출물, 부틸렌글라이콜, 씨솔트(100ppm), 1,2-헥산다이올, 시금치추출물, 셀러리추출물, 브로콜리추출물, 해수(9,700ppb), 카프릴로일살리실릭애씨드, 콥티스뿌리추출물, 사카라이드아이소머레이트, 자일리틸글루코사이드, 안하이드로자일리톨, 자일리톨, 팥추출물, 지황뿌리추출물, 시카카이열매추출물, 글루코오스, 티트리추출물, 코코넛야자열매추출물, 연꽃뿌리추출물, 시트릭애씨드, 소듐시트레이트, 향료, 리모넨, 알파-아이소메틸아이오논, 리날룰",https://www.oliveyoung.co.kr/store/goods/getGoodsDetail.do?goodsNo=A000000228372&t_page=%ED%86%B5%ED%95%A9%EA%B2%80%EC%83%89%EA%B2%B0%EA%B3%BC%ED%8E%98%EC%9D%B4%EC%A7%80&t_click=%EA%B2%80%EC%83%89%EC%83%81%ED%92%88%EC%83%81%EC%84%B8&t_search_name=%EC%8A%A4%EC%BC%80%EC%9D%BC%EB%9F%AC&t_number=5&dispCatNo=1000001000400080006&trackingCd=Result_5,20400,4.7,60240,https://image.oliveyoung.co.kr/cfimages/cf-goods/uploads/images/thumbnails/10/0000/0022/A00000022837218ko.jpg?l=ko,,scaler,그로우어스 씨솔트 테라피 두피스케일러 EX
[두피항산화/두피소금스크럽] 아로마티카 탈모증상완화 로즈마리 스칼프 스크럽 165g,165g,모든 두피,"씨솔트, 정제수, 소듐클로라이드, 소듐메틸코코일타우레이트, 글리세린, 코코-베타인, 라우릴베타인, 생강추출물, 잔탄검, 프로판다이올, 에틸헥실글리세린, 로즈마리잎오일(4,630ppm), 로즈마리잎추출물(42ppm), 소나무잎추출물, 바질잎추출물, 홀리바질잎추출물, 오레가노잎추출물, 비피다발효용해물, 락토바실러스발효용해물, 카페인, 덱스판테놀, 드럼스틱씨오일, 멘톨, 살리실릭애씨드, 아틀라스시다나무껍질오일, 분비나무오일, 솔잣나무오일, 나이아신아마이드, 마트리카리아꽃추출물, 마편초추출물, 벤조인나무수지추출물, 다이프로필렌글라이콜, *리모넨, 구아하이드록시프로필트라이모늄클로라이드, 인도멀구슬나무잎추출물, 인도멀구슬나무꽃추출물, 아이비고드열매추출물, 호박가루, 가지열매추출물, 울금뿌리추출물, 참산호말추출물, 다이소듐이디티에이, 1,2-헥산다이올, 에탄올",https://www.oliveyoung.co.kr/store/goods/getGoodsDetail.do?goodsNo=A000000165227&t_page=%ED%86%B5%ED%95%A9%EA%B2%80%EC%83%89%EA%B2%B0%EA%B3%BC%ED%8E%98%EC%9D%B4%EC%A7%80&t_click=%EA%B2%80%EC%83%89%EC%83%81%ED%92%88%EC%83%81%EC%84%B8&t_search_name=%EC%8A%A4%EC%BC%80%EC%9D%BC%EB%9F%AC&t_number=7&dispCatNo=1000001000400080006&trackingCd=Result_7,16000,4.6,16680,https://image.oliveyoung.co.kr/cfimages/cf-goods/uploads/images/thumbnails/10/0000/0016/A00000016522712ko.jpg?l=ko,,scaler,아로마티카 탈모증상완화 로즈마리 스칼프 스크럽
스팀베이스 티트리 스칼프 워터 스케일러 250ml (탈모증상완화),250ml,모든 두피용,"정제수, 라우릴글루코사이드, 다이소듐라우레스설포석시네이트, 글리세린, 다이소듐코코암포다이아세테이트, 1,2-헥산다이올, 소듐클로라이드, 멘톨, 피록톤올아민, 카프릴릴글라이콜, 시트릭애씨드, 피피지-3카프릴릴에터, 티트리잎추출물(2,305ppm), 티트리잎오일(2,000ppm), 로즈마리잎오일, 살리실릭애씨드, 판테놀, 구아하이드록시프로필트라이모늄클로라이드, 베타인, 알란토인, 나이아신아마이드, 다이프로필렌글라이콜, 다이소듐이디티에이, 부틸렌글라이콜, 글리세릴카프릴레이트, 블랙윌로우나무껍질추출물, 카페인, 인도멀구슬나무잎추출물, 인도멀구슬나무꽃추출물, 아이비고드열매추출물, 황련뿌리추출물, 바이오틴, 호박가루, 가지열매추출물, 홀리바질잎추출물, 울금뿌리추출물, 참산호말추출물, 드럼스틱씨오일, 대왕소나무잎추출물, 당느릅나무뿌리추출물, 달맞이꽃꽃추출물, 칡뿌리추출물, 맥주효모추출물",https://www.oliveyoung.co.kr/store/goods/getGoodsDetail.do?goodsNo=A000000187917&t_page=%ED%86%B5%ED%95%A9%EA%B2%80%EC%83%89%EA%B2%B0%EA%B3%BC%ED%8E%98%EC%9D%B4%EC%A7%80&t_click=%EA%B2%80%EC%83%89%EC%83%81%ED%92%88%EC%83%81%EC%84%B8&t_search_name=%EC%8A%A4%EC%BC%80%EC%9D%BC%EB%9F%AC&t_number=9&dispCatNo=1000001000400080006&trackingCd=Result_9,20400,4.8,19610,https://image.oliveyoung.co.kr/cfimages/cf-goods/uploads/images/thumbnails/10/0000/0018/A00000018791723ko.jpg?l=ko,,scaler,스팀베이스 티트리 스칼프 워터 스케일러
[각질/가려움/저자극] 라보에이치 댄드러프클리닉 워터스케일러 250ML 탈모증상완화,250ml,모든피부,"정제수, 코카미도프로필하이드록시설테인, 라우릴하이드록시설테인, 카프릴릴/카프릴글루코사이드, 부틸렌글라이콜, 코코-글루코사이드, 아이소펜틸다이올, 글리세린, 데실글루코사이드, 라우릴베타인, 멘톨, 소듐클로라이드, 다이프로필렌글라이콜, 카페인, 시트릭애씨드, 페퍼민트오일, 피피지-3카프릴릴에터, 폴리쿼터늄-6, 라우릭애씨드, 카프릴릴글라이콜, 폴리쿼터늄-22, 스타아니스열매/씨오일, 로즈마리잎오일, 에틸헥실글리세린, 소듐설파이트, 클림바졸, 소듐시트레이트, 소듐메타포스페이트, 덱스트린, 락틱애씨드, 연필향나무오일, 콘민트오일, 유칼립투스잎오일, 살리실릭애씨드, 글루코노락톤, 바질오일, 프로판다이올, 락토바실러스발효용해물, 글라이콜릭애씨드, 캐모마일꽃오일, 1,2-헥산다이올, 향기제비꽃잎추출물, 병풀꽃/잎/줄기추출물, 소듐하이알루로네이트, 하이드롤라이즈드하이알루로닉애씨드, 다이소듐이디티에이, 소듐하이알루로네이트크로스폴리머, 하이알루로닉애씨드, 소듐아세틸레이티드하이알루로네이트, 녹차씨추출물, 하이드로제네이티드레시틴, 피토스핑고신, 세라마이드엔피",https://www.oliveyoung.co.kr/store/goods/getGoodsDetail.do?goodsNo=A000000210968&t_page=%ED%86%B5%ED%95%A9%EA%B2%80%EC%83%89%EA%B2%B0%EA%B3%BC%ED%8E%98%EC%9D%B4%EC%A7%80&t_click=%EA%B2%80%EC%83%89%EC%83%81%ED%92%88%EC%83%81%EC%84%B8&t_search_name=%EC%8A%A4%EC%BC%80%EC%9D%BC%EB%9F%AC&t_number=12&dispCatNo=1000001000400080006&trackingCd=Result_11_30,19200,4.8,5640,https://image.oliveyoung.co.kr/cfimages/cf-goods/uploads/images/thumbnails/10/0000/0021/A00000021096815ko.png?l=ko,,scaler,라보에이치 댄드러프클리닉 워터스케일러 탈모증상완화
라보에이치 두피강화클리닉 스케일러 탈모증상완화 208G,208g,모든 모발용,"정제수, 소듐클로라이드, 다이소듐코코일글루타메이트, 포타슘코코일글리시네이트, 라우릭애씨드, 하이드록시프로필스타치포스페이트, 코카미도프로필베타인, 코코-글루코사이드, 씨솔트, 카페인, 데실글루코사이드, 페퍼민트오일, 멘톨, 카프릴릴글라이콜, 코카마이드엠이에이, 마이크로크리스탈린셀룰로오스, 스타아니스열매/씨오일, 시트릭애씨드, 로즈마리잎오일, 글루코노락톤, 덱스트린, 폴리쿼터늄-7, 연필향나무오일, 솔비톨, 옥수수전분, 에틸헥실글리세린, 콘민트오일, 소듐벤조에이트, 수크로오스, 테트라소듐이디티에이, 유칼립투스잎오일, 크로뮴하이드록사이드그린, 소듐살리실레이트, 클림바졸, 살리실릭애씨드, 바질오일, 락토바실러스발효용해물, 부틸렌글라이콜, 토코페릴아세테이트, 캐모마일꽃오일, 하이드로제네이티드레시틴, 향기제비꽃잎추출물, 녹차수, 1,2-헥산다이올, 토코페롤, 연꽃추출물, 왕대수액, 카올린, 다이소듐이디티에이 *리뉴얼 후 정제수, 소듐클로라이드, 다이소듐코코일글루타메이트, 포타슘코코일글리시네이트, 라우릭애씨드, 하이드록시프로필스타치포스페이트, 코카미도프로필베타인, 카프릴릭/카프릭트라이글리세라이드, 코코-글루코사이드, 카페인, 데실글루코사이드, 페퍼민트오일, 멘톨, 카프릴릴글라이콜, 마이크로크리스탈린셀룰로오스, 스타아니스열매/씨오일, 시트릭애씨드, 로즈마리잎오일, 에리스리톨, 글루코노락톤, 덱스트린, 폴리쿼터늄-7, 연필향나무오일, 락토바실러스발효용해물, 솔비톨, 옥수수전분, 에틸헥실글리세린, 콘민트오일, 리모넨, 소듐벤조에이트, 수크로오스, 프로판다이올, 글리세린, 유칼립투스잎오일, 소듐살리실레이트, 살리실릭애씨드, 크로뮴옥사이드그린, 나이아신아마이드, 1,2-헥산다이올, 토코페릴아세테이트, 캐모마일꽃오일, 하이드로제네이티드레시틴, 향기제비꽃잎추출물, 마데카소사이드, 씨솔트, 바이오틴, 폴리글리세릴-10올리에이트, 코코넛야자오일, 바질오일, 카프릴로일살리실릭애씨드, 소듐하이알루로네이트, 토코페롤, 스쿠알란, 폴리글리세릴-10펜타스테아레이트, 판테놀, 하이드롤라이즈드하이알루로닉애씨드, 펜틸렌글라이콜, 다이포타슘글리시리제이트, 소듐하이알루로네이트크로스폴리머, 하이알루로닉애씨드, 하이드롤라이즈드디엔에이, 카올린, 검정콩오일, 세라마이드엔피, 소듐아세틸레이티드하이알루로네이트, 쌀겨오일, 피토스핑고신, 로즈마리잎추출물, 카놀라오일",https://www.oliveyoung.co.kr/store/goods/getGoodsDetail.do?goodsNo=A000000202415&t_page=%ED%86%B5%ED%95%A9%EA%B2%80%EC%83%89%EA%B2%B0%EA%B3%BC%ED%8E%98%EC%9D%B4%EC%A7%80&t_click=%EA%B2%80%EC%83%89%EC%83%81%ED%92%88%EC%83%81%EC%84%B8&t_search_name=%EC%8A%A4%EC%BC%80%EC%9D%BC%EB%9F%AC&t_number=13&dispCatNo=1000001000400080006&trackingCd=Result_11_30,16000,4.7,8340,https://image.oliveyoung.co.kr/cfimages/cf-goods/uploads/images/thumbnails/10/0000/0020/A00000020241514ko.jpg?l=ko,,scaler,라보에이치 두피강화클리닉 스케일러 탈모증상완화
"[피지,냄새,볼륨케어] 헤어플러스 오프레시 애플비니거 워터 스케일러 200ml (탈모완화, 쿨링)",200ml,모든 헤어 사용 가능,"정제수, 다이소듐라우레스설포석시네이트, 비니거(50,000ppm), 라우릴베타인, 소듐벤조에이트, 소듐클로라이드, 멘톨, 살리실릭애씨드, 덱스판테놀, 폴리쿼터늄-10, 나이아신아마이드, 다이소듐이디티에이, 아나토씨오일, 부틸렌글라이콜, 1,2-헥산다이올, 치자추출물, 글리세린, 레몬추출물, 바나나추출물, 살비아잎추출물, 키위추출물, 사과추출물, 매실추출물, 라벤더추출물, 로즈마리잎추출물, 마시멜로뿌리추출물, 망고스틴껍질추출물, 베르가못잎추출물, 석류추출물, 아보카도열매추출물, 애플민트잎추출물, 유자추출물, 캐모마일꽃추출물, 페퍼민트추출물, 프리지아추출물, 쌀발효여과물, 소듐하이알루로네이트, 락토바실러스발효물, 아세틱애씨드, 포도추출물, 수박추출물, 멜론추출물, 오이추출물, 카프릴릴글라이콜, 소듐하이알루로네이트크로스폴리머, 하이드롤라이즈드소듐하이알루로네이트, 하이드롤라이즈드하이알루로닉애씨드, 하이알루로닉애씨드, 하이드록시프로필트라이모늄하이알루로네이트, 포타슘하이알루로네이트, 망고추출물, 펜틸렌글라이콜, 소듐아세틸레이티드하이알루로네이트, 향료, 시트랄, 리모넨, 리날룰","https://www.oliveyoung.co.kr/store/goods/getGoodsDetail.do?goodsNo=A000000244178&t_page=%ED%86%B5%ED%95%A9%EA%B2%80%EC%83%89%EA%B2%B0%EA%B3%BC%ED%8E%98%EC%9D%B4%EC%A7%80&t_click=%EA%B2%80%EC%83%89%EC%83%81%ED%92%88%EC%83%81%EC%84%B8&t_search_name=%EC%8A%A4%EC%BC%80%EC%9D%BC%EB%9F%AC&t_number=19&dispCatNo=1000001000400080001,1000001000400080006&trackingCd=Result_11_30",15920,5.0,20,https://image.oliveyoung.co.kr/cfimages/cf-goods/uploads/images/thumbnails/10/0000/0024/A00000024417802ko.jpg?l=ko,,scaler,헤어플러스 오프레시 애플비니거 워터 스케일러
"[탈모+비듬,냄새케어] 헤어플러스 오프레시 워터 스케일러 200ml (두피 딥클렌징/쿨링/스케일링)",200ml,모든 헤어 사용 가능,"정제수, 다이소듐라우레스설포석시네이트, 라우릴베타인, 소듐벤조에이트, 멘톨, 소듐클로라이드, 살리실릭애씨드,덱스판테놀, 폴리쿼터늄-10, 나이아신아마이드, 다이소듐이디티에이, 부틸렌글라이콜, 클로로필린-카퍼컴플렉스, 아르간커넬오일, 트레할로오스, 1,2-헥산다이올, 밤부사 불가리스추출물, 콘민트오일, 티트리잎오일, 로즈마리추출물,녹두추출물, 마트리카리아꽃 추출물, 뽕나무껍질추출물, 쑥잎추출물, 페퍼민트잎추출물, 애플민트잎추출물, 율무씨추출물, 소나무추출물, 스피어민트추출물, 감초추출물, 레몬추출물, 알로에베라잎추출물, 향료, 리모넨, 리날룰, 시트로넬올, 제라니올",https://www.oliveyoung.co.kr/store/goods/getGoodsDetail.do?goodsNo=A000000244176&t_page=%ED%86%B5%ED%95%A9%EA%B2%80%EC%83%89%EA%B2%B0%EA%B3%BC%ED%8E%98%EC%9D%B4%EC%A7%80&t_click=%EA%B2%80%EC%83%89%EC%83%81%ED%92%88%EC%83%81%EC%84%B8&t_search_name=%EC%8A%A4%EC%BC%80%EC%9D%BC%EB%9F%AC&t_number=18&dispCatNo=1000001000400080006&trackingCd=Result_11_30,15920,5.0,10,https://image.oliveyoung.co.kr/cfimages/cf-goods/uploads/images/thumbnails/10/0000/0024/A00000024417602ko.jpg?l=ko,,scaler,헤어플러스 오프레시 워터 스케일러
[피지/각질/냄새 OUT] 닥터포헤어 에어로 퓨리파잉 스칼프 엑스폴리에이터 200ml,200ml,모든 피부,"정제수, 소듐메틸코코일타우레이트, 코카마이드메틸엠이에이, 글리세린, 코카마이드엠이에이, 소듐폴리아크릴레이트, 코코-베타인, 변성알코올, 프로판다이올, 멘톨, 소듐클로라이드, 폴리솔베이트20, 에틸헥실스테아레이트, 카보머, 코코넛애씨드, 부틸렌글라이콜, 카프릴릴글라이콜, 알란토인, 판테놀, 트라이데세스-6, 소듐메틸타우레이트, 다이소듐이디티에이, 콘민트오일, 페퍼민트오일, 살리실릭애씨드, 토코페릴아세테이트, 에틸헥실글리세린, C11-13아이소알케인, 다이포타슘글리시리제이트, 락틱애씨드, 구아하이드록시프로필트라이모늄클로라이드, 티트리잎오일, 트레할로오스, 밤부사 불가리스수, 1,2-헥산다이올, 붉나무충영추출물, 소듐시트레이트, 다이프로필렌글라이콜, 소듐락테이트, 펜틸렌글라이콜, 동백나무꽃추출물, 페녹시에탄올, 토코페롤, 베타-글루칸, 드럼스틱씨추출물, 트리리프솝베리열매추출물, 비누풀잎추출물, 달맞이꽃꽃추출물, 대왕소나무잎추출물, 칡뿌리추출물, 당느릅나무뿌리추출물, 버지니아풍년화껍질/잎/잔가지추출물, 포타슘솔베이트, 소듐벤조에이트, 마트리카리아꽃/잎추출물, 오레가노잎추출물, 라벤더꽃추출물, 레몬밤추출물, 스피어민트추출물, 로즈마리꽃추출물, 아스코빅애씨드, 바이오틴, 카르니틴에이치씨엘, 폴릭애씨드, 나이아신, 판토테닉애씨드, 레티닐팔미테이트, 리보플라빈, 티아민에이치씨엘, 시트릭애씨드, 알진, 향료, 리모넨, 리날룰",https://www.oliveyoung.co.kr/store/goods/getGoodsDetail.do?goodsNo=A000000256809&t_page=%ED%86%B5%ED%95%A9%EA%B2%80%EC%83%89%EA%B2%B0%EA%B3%BC%ED%8E%98%EC%9D%B4%EC%A7%80&t_click=%EA%B2%80%EC%83%89%EC%83%81%ED%92%88%EC%83%81%EC%84%B8&t_search_name=%EC%8A%A4%EC%BC%80%EC%9D%BC%EB%9F%AC&t_number=23&dispCatNo=1000001000400080006&trackingCd=Result_11_30,18900,4.8,540,https://image.oliveyoung.co.kr/cfimages/cf-goods/uploads/images/thumbnails/10/0000/0025/A00000025680907ko.jpg?l=ko,,scaler,닥터포헤어 에어로 퓨리파잉 스칼프 엑스폴리에이터
달리프 애플민트 쿨링 스케일러 250g (탈모증상완화/두피노폐물흡착),■ 250ml,■ 모든 피부타입,"소듐클로라이드 (364,000 ppm), 정제수, 코코-베타인, 코카마이드엠이에이, 글리세린, 소듐라우로일글루타메이트, 다이소듐라우레스설포석시네이트, 피피지-3카프릴릴에터, 에탄올, 멘톨, 소듐벤조에이트, 애플민트잎추출물 (4,400 ppm), 아이소프로필미리스테이트, 트라이하이드록시스테아린, 폴리쿼터늄-10, 덱스판테놀, 살리실릭애씨드, 수크로오스스테아레이트, 콘민트오일, 나이아신아마이드, 펜타소듐펜테테이트, 부틸렌글라이콜, 말토덱스트린, 1,2-헥산다이올, 카라멜, 빙하수, 자이언트켈프추출물, 다시마추출물, 납작파래추출물, 겔리듐 카르틸라기네움추출물, 개청각추출물, 유칼립투스잎추출물, 붉나무추출물, 비니거, 티트리잎추출물, 살비아잎추출물, 동백나무꽃추출물, 펜틸렌글라이콜, 백미꽃추출물, 카프릴릴글라이콜, 사이클로덱스트린, 영릉향추출물, 금불초꽃추출물, 산소",https://www.oliveyoung.co.kr/store/goods/getGoodsDetail.do?goodsNo=A000000155093&t_page=%ED%86%B5%ED%95%A9%EA%B2%80%EC%83%89%EA%B2%B0%EA%B3%BC%ED%8E%98%EC%9D%B4%EC%A7%80&t_click=%EA%B2%80%EC%83%89%EC%83%81%ED%92%88%EC%83%81%EC%84%B8&t_search_name=%EC%8A%A4%EC%BC%80%EC%9D%BC%EB%9F%AC&t_number=20&dispCatNo=1000001000400080006&trackingCd=Result_11_30,9900,4.8,36860,https://image.oliveyoung.co.kr/cfimages/cf-goods/uploads/images/thumbnails/10/0000/0015/A00000015509316ko.jpg?l=ko,,scaler,달리프 애플민트 쿨링 스케일러
포뷰트 하이퍼 딥클렌징 두피 스케일러 15g(4개입),15g*4개입,모든 두피 및 모발,"정제수, 글리세린, 라우릴글루코사이드, 메틸퍼플루오로아이소부틸에터, 다이소듐코코암포다이아세테이트, 다이소듐라우레스설포석시네이트, 메틸퍼플루오로부틸에터, 아크릴레이트코폴리머, 소듐코코일알라니네이트, 멘톨, 소듐클로라이드, 라우릴하이드록시설테인, 향료, 카프릴릴글라이콜, 리모넨, 헥실렌글라이콜, 판테놀, 살리실릭애씨드, 티타늄디옥사이드, 다이프로필렌글라이콜, 나이아신아마이드, 만니톨, 글리세릴카프릴레이트, 수크로오스, 제라니올, 리날룰, 황색산화철, 시트로넬올, 실리카, 부틸렌글라이콜, 하이드록시프로필메틸셀룰로오스, 적색산화철, 마이카, 흑색산화철, 하이드로제네이티드코코-글리세라이즈, 수크로오스스테아레이트, 소듐메틸라우로일타우레이트, 다이메티콘, 비피다발효용해물, 락토코쿠스발효용해물, 락토바실러스발효용해물, 1,2-헥산다이올, 청색404호, 하이드로제네이티드레시틴, 병풀잎추출물, 아시아티코사이드, 캐롭열매추출물, 동백나무잎추출물, 감추출물, 아시아틱애씨드, 마데카식애씨드, 겔리듐 카르틸라기네움추출물, 칡뿌리추출물, 대왕송잎추출물, 당느릅나무뿌리추출물, 달맞이꽃추출물, 스피룰리나 플라텐시스추출물, 다시마추출물, 납작파래추출물, 미역추출물, 세라마이드엔피, 베타-글루칸","https://www.oliveyoung.co.kr/store/goods/getGoodsDetail.do?goodsNo=A000000226013&t_page=%ED%86%B5%ED%95%A9%EA%B2%80%EC%83%89%EA%B2%B0%EA%B3%BC%ED%8E%98%EC%9D%B4%EC%A7%80&t_click=%EA%B2%80%EC%83%89%EC%83%81%ED%92%88%EC%83%81%EC%84%B8&t_search_name=%EC%8A%A4%EC%BC%80%EC%9D%BC%EB%9F%AC&t_number=21&dispCatNo=1000001000400080006,1000006000200030001&trackingCd=Result_11_30",19800,4.7,230,https://image.oliveyoung.co.kr/cfimages/cf-goods/uploads/images/thumbnails/10/0000/0022/A00000022601307ko.jpg?l=ko,,scaler,포뷰트 하이퍼 딥클렌징 두피 스케일러
[지성두피케어 / 딥클렌징] 나인밀라 카밍비어 맥주효모 두피 스케일링 스크럽 200ml,200ml,"AHA, BHA의 각질 케어 성분이 자극 없이 잔류 각질을 제거해 줍니다.","소듐클로라이드, 정제수, 소듐C14-16올레핀설포네이트, 맥주효모추출물(500ppm), 포타슘코코일글리시네이트, 라우릴글루코사이드, 폴리솔베이트20, 코카미도프로필베타인, 피이지-60하이드로제네이티드캐스터오일, 마이크로크리스탈린셀룰로오스, 글리세린, 부틸렌글라이콜, 하이드록시아세토페논, 폴리쿼터늄-10, 하이드록시에틸셀룰로오스, 다이소듐코코암포다이아세테이트, 엘-멘톨, 살리실릭애씨드, 테트라데센, 헥사데센, 시트릭애씨드, 덱스판테놀, 1,2-헥산다이올, 소듐설페이트, 녹차추출물, 병풀추출물, 작약추출물, 라벤더꽃추출물, 레몬밤잎추출물, 로즈마리잎추출물, 버지니아풍년화추출물, 약모밀추출물, 유칼ㄹ립투스잎추출물, 창포뿌리추출물, 캐모마일꽃추출물, 포트마리골드추출물, 맥아추출물, 소듐나이트레이트, 티트리잎오일, 페퍼민트오일, 헥실렌글라이콜, 글라이옥살, 향료",https://www.oliveyoung.co.kr/store/goods/getGoodsDetail.do?goodsNo=A000000230508&t_page=%ED%86%B5%ED%95%A9%EA%B2%80%EC%83%89%EA%B2%B0%EA%B3%BC%ED%8E%98%EC%9D%B4%EC%A7%80&t_click=%EA%B2%80%EC%83%89%EC%83%81%ED%92%88%EC%83%81%EC%84%B8&t_search_name=%EC%8A%A4%EC%BC%80%EC%9D%BC%EB%9F%AC&t_number=26&dispCatNo=1000001000400080006&trackingCd=Result_11_30,20400,4.9,8720,https://image.oliveyoung.co.kr/cfimages/cf-goods/uploads/images/thumbnails/10/0000/0023/A00000023050831ko.jpg?l=ko,,scaler,나인밀라 카밍비어 맥주효모 두피 스케일링 스크럽
[잔머리폭발] 라보에이치 헤어라인앰플 더블기획(+샴푸50ML),15ml*2 / 15ml*2+샴푸50ml(증정) / 15ml*2+샴푸100ml(증정),모든피부,"정제수, 변성알코올, 피이지-60하이드로제네이티드캐스터오일, 녹차추출물(카페인 함유), 카보머, 카프릴릴글라이콜, 트로메타민, 덱스트린, 프로판다이올, 멘톨, 페퍼민트오일, 시트릭애씨드, 다이소듐이디티에이, 피록톤올아민, 스타아니스열매/씨오일, 로즈마리잎오일, 연필향나무오일, 락토바실러스발효용해물, 부틸렌글라이콜, 콘민트오일, 효모/보리씨발효여과물, 검정콩추출물, 에탄올, 유칼립투스잎오일, 바질오일, 1,2-헥산다이올, 생강추출물, 바이오틴, 캐모마일꽃오일, 글리세린, 소듐하이알루로네이트, 향기제비꽃잎추출물, 하이드롤라이즈드하이알루로닉애씨드, 소듐하이알루로네이트크로스폴리머, 호프추출물, 하이알루로닉애씨드, 수용성콜라겐, 에틸헥실글리세린, 소듐아세틸레이티드하이알루로네이트 *리뉴얼 후 정제수, 변성알코올, 에탄올, 피이지-60하이드로제네이티드캐스터오일, 카보머, 카프릴릴글라이콜, 동백나무씨추출물, 트로메타민, 덱스트린, 락토바실러스발효용해물, 페퍼민트오일, 멘톨, 소듐글루코네이트, 스타아니스열매/씨오일, 시트릭애씨드, 로즈마리잎오일, 연필향나무오일, 프로판다이올, 글리세린, 콘민트오일, 리모넨, 바이오틴, 돌콩오일, 유칼립투스잎오일, 1,2-헥산다이올, 리날룰, 아스코빅애씨드, 캐모마일꽃오일, 토코페롤, 레티놀, 향기제비꽃잎추출물, 카페인, 소듐하이알루로네이트, 에틸헥실글리세린, 스쿠알란, 폴리글리세릴-10펜타스테아레이트, 하이드로제네이티드레시틴, 바질오일, 수용성콜라겐, 하이드롤라이즈드하이알루로닉애씨드, 펜틸렌글라이콜, 다이포타슘글리시리제이트, 소듐하이알루로네이트크로스폴리머, 하이알루로닉애씨드, 하이드롤라이즈드디엔에이, 검정콩오일, 세라마이드엔피, 소듐아세틸레이티드하이알루로네이트, 피토스핑고신, 로즈마리잎추출물, 카놀라오일 *증정 정제수, 소듐코코일이세티오네이트, 다이소듐라우레스설포석시 네이트, 라우릴베타인, 글리세릴스테아레이트, 트라이하이드록시스테아린, 폴리쿼터늄-10, 소듐벤조에이트, 카페인, 세틸알코올, 다이카프릴릴에터, 소듐살리실레이트, 페퍼민트오일, 멘톨, 시트릭애씨드, 카프릴릭/카프릭트라이글리세라이드, 카프릴릴글라이콜, 스타아니스열매/씨오일, 로즈마리잎오일, 덱스트린,연필향나무오일, 테트라소듐이디티에이, 콘민트오일, 유칼립투스잎오일, 바질오일, 캐모마일꽃오일, 향기제비꽃잎추출물, 락토바실러스발효용해물, 글리세린, 녹차씨추출물, 토코페롤, 세라마이드엔피, 하이드로제네이티드레시틴, 피토스핑고신, 바이오틴",https://www.oliveyoung.co.kr/store/goods/getGoodsDetail.do?goodsNo=A000000202414&t_page=%ED%86%B5%ED%95%A9%EA%B2%80%EC%83%89%EA%B2%B0%EA%B3%BC%ED%8E%98%EC%9D%B4%EC%A7%80&t_click=%EA%B2%80%EC%83%89%EC%83%81%ED%92%88%EC%83%81%EC%84%B8&t_search_name=%ED%86%A0%EB%8B%89&t_number=2&dispCatNo=1000001000400140001&trackingCd=Result_2&tab=product-info,21900,4.8,73210,https://image.oliveyoung.co.kr/cfimages/cf-goods/uploads/images/thumbnails/10/0000/0020/A00000020241474ko.jpg?l=ko,,tonic,라보에이치 헤어라인앰플
[정수리냄새케어]라우쉬 스위스 허벌 헤어 토닉 200ml,200g,모든 두피 & 모발,"정제수, 변성알코올, 쐐기풀추출물, 쐐기풀뿌리추출물, 로부르참나무껍질추출물, 창질경이잎추출물, 마트리카리아꽃추출물, 텍토룸상록바위솔추출물, 쇠뜨기잎추출물, 담배잎추출물, 판테놀, 글리세린, 암모니아, 디나토늄벤조에이트, 향료, 아밀신남알, 하이드록시시트로넬알, 제라니올, 리날룰, 쿠마린, 유제놀, 리모넨, 알파-아이소메틸아이오논, 시트로넬올, 벤질살리실레이트, 벤질알코올, 신나밀알코올, 벤질벤조에이트, 청색1호",https://www.oliveyoung.co.kr/store/goods/getGoodsDetail.do?goodsNo=A000000214760&t_page=%ED%86%B5%ED%95%A9%EA%B2%80%EC%83%89%EA%B2%B0%EA%B3%BC%ED%8E%98%EC%9D%B4%EC%A7%80&t_click=%EA%B2%80%EC%83%89%EC%83%81%ED%92%88%EC%83%81%EC%84%B8&t_search_name=%ED%86%A0%EB%8B%89&t_number=3&dispCatNo=1000001000400140001&trackingCd=Result_3,33150,4.8,22140,https://image.oliveyoung.co.kr/cfimages/cf-goods/uploads/images/thumbnails/10/0000/0021/A00000021476014ko.jpg?l=ko,,tonic,라우쉬 스위스 허벌 헤어 토닉
[9월 올영픽/시나모롤] 리필드 사이토카인 씨에이디피알 스칼프 부스터 70ml+70ml 기획/단품,본품 70ml + 리필 70ml,모든 모발용.,"정제수, 변성알코올, 부틸렌글라이콜, 글리세린, 엘-멘톨, 살리실릭애씨드, 덱스판테놀, 칸디다/가르시니아발효물, 향료, 1,2-헥산다이올, 트로메타민, 알란토인, 레시틴, 알로에베라잎추출물, 다이포타슘글리시리제이트, 참마뿌리추출물, 다시마추출물, 당느릅나무뿌리추출물, 제비꽃꽃추출물, 카프릴릭/카프릭트라이글리세라이드, 폴리솔베이트20, 자일리돌, 카프릴릴글라이콜, 니코티닉애씨드아데닌다이뉴클레오타이드포스페이트, 하이드록시프로필사이클로덱스트린, 삼씨오일, 약모밀추출물, 은행나무잎추출물, 베이베리열매추출물, 나린진, 플로레틴, 레몬추출물, 코코넛야자오일, 마카다미아씨오일, 밤부사 불가리스추출물, 편백잎추출물, 소나무잎추출물, 측백나무추출물, 글라이신, 필리핀오렌지전초오일, 프로폴리스추출물, 세린, 글루타믹애씨드, 글루타티온, 생강오일, 아스파틱애씨드, 류신, 폴리글리세릴-4카프레이트, 알라닌, 라이신, 알지닌, 타이로신, 페닐알라닌, 녹차추출물, 프롤린, 칡뿌리추출물, 트레오닌, 발린, 녹두추출물, 아이소류신, 히스티딘, 시스테인, 메티오닌, 사이클릭아데노신다이포스페이트리보오스(10ppb), 나이아신아마이드, 바이오틴, 이노시톨, 소듐아스코빌포스페이트,토코페롤, 리모넨, 리날룰 *cADPR: 사이클릭아데노신다이포스페이트리보오스",https://www.oliveyoung.co.kr/store/goods/getGoodsDetail.do?goodsNo=A000000263553&t_page=%ED%86%B5%ED%95%A9%EA%B2%80%EC%83%89%EA%B2%B0%EA%B3%BC%ED%8E%98%EC%9D%B4%EC%A7%80&t_click=%EA%B2%80%EC%83%89%EC%83%81%ED%92%88%EC%83%81%EC%84%B8&t_search_name=%ED%86%A0%EB%8B%89&t_number=5&dispCatNo=1000001000400140001&trackingCd=Result_5,30300,4.8,75960,https://image.oliveyoung.co.kr/cfimages/cf-goods/uploads/images/thumbnails/10/0000/0026/A00000026355303ko.jpg?l=ko,,tonic,드 사이토카인 씨에이디피알 스칼프 부스터 +
[원이PICK/단독기획] 에이페 스칼프 앰플 이엑스 150ml 기획 (+두피괄사 증정),"[기획] 150ml, 괄사 1ea / [단품] 150ml",모든 피부 타입,"정제수, 변성알코올, 부틸렌글라이콜, 글리세린, C12-13알케스-9, 카페인, 다이프로필렌글라이콜, 멘톨, 아크릴레이트/C10-30알킬아크릴레이트크로스폴리머, 암모늄아크릴로일다이메틸타우레이트/브이피코폴리머, 베타인, 알란토인, 아미노메틸프로판올, 다이포타슘글리시리제이트, 다이소듐이디티에이, 에틸멘탄카복사마이드, 1,2-헥산다이올, 판테놀, 약모밀추출물, 하수오뿌리추출물, 효모베타-글루칸, 갈락토미세스발효여과물, 락토바실러스발효물, 소듐디엔에이, 바이오틴, 하이드롤라이즈드식물성단백질, 시조필란, 프룩토올리고사카라이드, 황금추출물, 으름덩굴추출물, 카프릴릴/카프릴글루코사이드, 동백나무꽃추출물, 연옥가루, 폴리글리세릴-10라우레이트, 폴리글리세릴-10올리에이트, 프로판다이올, 아세틸헥사펩타이드-8, 아세틸테트라펩타이드-5, 아데노신, 카르노신, 팔미토일테트라펩타이드-7, 팔미토일트라이펩타이드-5, 티트리잎추출물, 에틸헥실글리세린",https://www.oliveyoung.co.kr/store/goods/getGoodsDetail.do?goodsNo=A000000264299&t_page=%ED%86%B5%ED%95%A9%EA%B2%80%EC%83%89%EA%B2%B0%EA%B3%BC%ED%8E%98%EC%9D%B4%EC%A7%80&t_click=%EA%B2%80%EC%83%89%EC%83%81%ED%92%88%EC%83%81%EC%84%B8&t_search_name=%ED%86%A0%EB%8B%89&t_number=6&dispCatNo=1000001000400140001&trackingCd=Result_6,27500,4.9,28710,https://image.oliveyoung.co.kr/cfimages/cf-goods/uploads/images/thumbnails/10/0000/0026/A00000026429904ko.jpg?l=ko,,tonic,에이페 스칼프 앰플 이엑스
[9월 올영픽/한교동] 라보에이치 두피강화클리닉 앰플토닉 100ml 기획/단품,100ml 기획 (+리필 100ml+한교동 러기지택),모든 모발용.,"정제수, 변성알코올, 에탄올, 피이지-60하이드로제네이티드캐스터오일, 카프릴릴글라이콜, 동백나무씨추출물, 아크릴레이트/C10-30알킬아크릴레이트크로스폴리머, 멘톨, 트로메타민, 에리스리톨, 덱스트린, 락토바실러스발효용해물, 페퍼민트오일, 에틸헥실글리세린, 소듐글루코네이트, 스타아니스열매/씨오일, 로즈마리잎오일, 연필향나무오일, 프로판다이올, 글리세린, 콘민트오일, 리모넨, 나이아신아마이드, 바이오틴, 유칼립투스잎오일, 마데카소사이드, 1,2-헥산다이올, 리날룰, 캐모마일꽃오일, 향기제비꽃잎추출물, 카페인, 소듐하이알루로네이트, 스쿠알란, 폴리글리세릴-10펜타스테아레이트, 하이드로제네이티드레시틴, 바질오일, 하이드롤라이즈드하이알루로닉애씨드, 펜틸렌글라이콜, 다이포타슘글리시리제이트, 소듐하이알루로네이트크로스폴리머, 하이알루로닉애씨드, 하이드롤라이즈드디엔에이, 검정콩오일, 세라마이드엔피, 소듐아세틸레이티드하이알루로네이트, 토코페롤, 피토스핑고신, 로즈마리잎추출물, 카놀라오일",https://www.oliveyoung.co.kr/store/goods/getGoodsDetail.do?goodsNo=A000000263620&t_page=%ED%86%B5%ED%95%A9%EA%B2%80%EC%83%89%EA%B2%B0%EA%B3%BC%ED%8E%98%EC%9D%B4%EC%A7%80&t_click=%EA%B2%80%EC%83%89%EC%83%81%ED%92%88%EC%83%81%EC%84%B8&t_search_name=%ED%86%A0%EB%8B%89&t_number=7&dispCatNo=1000001000400140001&trackingCd=Result_7,25400,4.8,50870,https://image.oliveyoung.co.kr/cfimages/cf-goods/uploads/images/thumbnails/10/0000/0026/A00000026362020ko.jpg?l=ko,,tonic,라보에이치 두피강화클리닉 앰플토닉
[두피진정] 라보에이치 앰플토닉 100ML 단품 탈모증상완화,100ml,모든 피부,"정제수, 변성알코올, 녹차추출물, 피이지-60하이드로제네이티드캐스터오일, 카프릴릴글라이콜, 아크릴레이트/C10-30알킬아크릴레이트크로스폴리머, 멘톨, 덱스트린, 프로판다이올, 아미노메틸프로판올, 다이소듐이디티에이, 에틸헥실글리세린, 페퍼민트오일, 스타아니스열매/씨오일, 로즈마리잎오일, 연필향나무오일, 락토바실러스발효용해물, 콘민트오일, 효모/보리씨발효여과물, 검정콩추출물, 에탄올, 부틸렌글라이콜, 유칼립투스잎오일, 바질오일, 1,2-헥산다이올, 생강추출물, 바이오틴, 캐모마일꽃오일, 소듐하이알루로네이트, 향기제비꽃잎추출물, 토코페롤, 하이드롤라이즈드하이알루로닉애씨드, 소듐하이알루로네이트크로스폴리머, 호프추출물, 하이알루로닉애씨드, 소듐아세틸레이티드하이알루로네이트",https://www.oliveyoung.co.kr/store/goods/getGoodsDetail.do?goodsNo=A000000189266&t_page=%ED%86%B5%ED%95%A9%EA%B2%80%EC%83%89%EA%B2%B0%EA%B3%BC%ED%8E%98%EC%9D%B4%EC%A7%80&t_click=%EA%B2%80%EC%83%89%EC%83%81%ED%92%88%EC%83%81%EC%84%B8&t_search_name=%ED%86%A0%EB%8B%89&t_number=9&dispCatNo=1000001000400140001&trackingCd=Result_9,15900,4.7,27470,https://image.oliveyoung.co.kr/cfimages/cf-goods/uploads/images/thumbnails/10/0000/0018/A00000018926614ko.jpg?l=ko,,tonic,라보에이치 앰플토닉 탈모증상완화
[두피쿨링/새싹케어] 케라스타즈 제네시스 두피 세럼 90ml 기획/단품,90ml,풍성한 모발용,정제수 변성알코올 다이아미노피리미딘옥사이드 암모늄폴리아크릴로일다이메틸타우레이트 아미노메틸프로판올 시트릭애씨드 피이지-40하이드로제네이티드캐스터오일 피록톤올아민 카페인 알지닌 리모넨 나이아신아마이드 피리독신에이치씨엘 리날룰 잇꽃글루코사이드 벤질살리실레이트 쿠마린 시트랄 벤질알코올 자일리틸글루코사이드 시트로넬올 벤질벤조에이트 안하이드로자일리톨 자일리톨 생강추출물 레스베라트롤 토코페롤 소듐시트레이트 향료,"https://www.oliveyoung.co.kr/store/goods/getGoodsDetail.do?goodsNo=A000000212122&t_page=%ED%86%B5%ED%95%A9%EA%B2%80%EC%83%89%EA%B2%B0%EA%B3%BC%ED%8E%98%EC%9D%B4%EC%A7%80&t_click=%EA%B2%80%EC%83%89%EC%83%81%ED%92%88%EC%83%81%EC%84%B8&t_search_name=%ED%86%A0%EB%8B%89&t_number=10&dispCatNo=1000001000400140001,1000006000100040002&trackingCd=Result_10",57750,4.7,3360,https://image.oliveyoung.co.kr/cfimages/cf-goods/uploads/images/thumbnails/10/0000/0021/A00000021212249ko.jpg?l=ko,,tonic,케라스타즈 제네시스 두피 세럼
[두피 안티에이징 앰플] 클로란 퀴닌 두피 세럼 100ml 2입 기획 (NEW),클로란 퀴닌 두피 세럼 100ml 2개입,약해진 두피 · 힘없는 모발용 두피 세럼,"정제수, 변성알코올, 글리세린, 올레스-10, 키나나무껍질추출물(0.0485%), 카페인, 까무까무열매추출물, 바이오틴, 에탄올, 시트릭애씨드, 향료, 프로판다이올, 토코페롤",https://www.oliveyoung.co.kr/store/goods/getGoodsDetail.do?goodsNo=A000000225306&t_page=%ED%86%B5%ED%95%A9%EA%B2%80%EC%83%89%EA%B2%B0%EA%B3%BC%ED%8E%98%EC%9D%B4%EC%A7%80&t_click=%EA%B2%80%EC%83%89%EC%83%81%ED%92%88%EC%83%81%EC%84%B8&t_search_name=%ED%86%A0%EB%8B%89&t_number=11&dispCatNo=1000001000400140001&trackingCd=Result_11_30,42000,4.8,34820,https://image.oliveyoung.co.kr/cfimages/cf-goods/uploads/images/thumbnails/10/0000/0022/A00000022530613ko.jpg?l=ko,,tonic,클로란 퀴닌 두피 세럼 2입
[1등토닉/탈모증상완화] 아로마티카 로즈마리 루트인핸서 100ml (단품/더블기획),단품 100ml /더블기획 100ml+100ml/ 올영픽 한정기획: 100ml+100ml+티트리토닉30ml,모든 두피,"[로즈마리 루트인핸서] 정제수, 에탄올, 로즈마리잎오일(4,000ppm), 로즈마리잎추출물(9.6ppm), 소나무잎추출물, 생강추출물, 비피다발효용해물, 락토바실러스발효용해물, 카페인, 덱스판테놀, 바이오틴, 티아민에이치씨엘, 피리독신에이치씨엘, 아스코빅애씨드, 메나다이온, 리보플라빈, 흑미추출물, 검정콩추출물, 검은깨추출물, 가지열매추출물, 뽕나무열매추출물, 후추씨추출물, 살리실릭애씨드, 라벤더오일, 멘톨, 글리세린, 에틸헥실글리세린, 오렌지껍질오일, 스피어민트잎오일, 인도멀구슬나무잎추출물, 인도멀구슬나무꽃추출물, 1,2-헥산다이올, 벤질글라이콜, *리모넨, *리날룰, *제라니올 *에센셜오일에서 자연적으로 발견되는 성분 [티트리 퓨리파잉 토닉] 에탄올, 정제수, 페퍼민트오일, 티트리잎오일(2,000ppm), 티트리잎추출물(26ppm), 박하추출물, 덱스판테놀, 살리실릭애씨드, 비피다발효용해물, 락토바실러스발효용해물, 히솝추출물, 큰노랑꽃자리풀씨추출물, 멘톨, 우엉뿌리추출물, 레몬껍질오일, 유칼립투스잎오일, 아틀라스시다나무껍질오일, 카페인, 생강추출물, 생강오일, 글리세린, 티아민에이치씨엘, 피리독신에이치씨엘, 아스코빅애씨드, 바이오틴, 메나다이온, 리보플라빈, 1,2-헥산다이올, 벤질글라이콜, 에틸헥실글리세린, *리모넨, *시트랄, *리날룰, *에센셜오일에서 자연적으로 발견되는 성분",https://www.oliveyoung.co.kr/store/goods/getGoodsDetail.do?goodsNo=A000000222696&t_page=%ED%86%B5%ED%95%A9%EA%B2%80%EC%83%89%EA%B2%B0%EA%B3%BC%ED%8E%98%EC%9D%B4%EC%A7%80&t_click=%EA%B2%80%EC%83%89%EC%83%81%ED%92%88%EC%83%81%EC%84%B8&t_search_name=%ED%86%A0%EB%8B%89&t_number=12&dispCatNo=1000001000400140001&trackingCd=Result_11_30,13800,4.8,142240,https://image.oliveyoung.co.kr/cfimages/cf-goods/uploads/images/thumbnails/10/0000/0022/A00000022269652ko.jpg?l=ko,,tonic,아로마티카 로즈마리 루트인핸서
[1등헤어토닉] 달리프 클로렐라 탈모증상완화 헤어토닉 더블기획(100ml+100ml),■ 100ml + ■ 100ml,■ 모든 피부타입,"정제수, 변성알코올, 클로렐라불가리스추출물(1,000 ppm), 부틸렌글라이콜, 글리세린, 1,2-헥산다이올,엘-멘톨, 살리실산, 덱스판테놀, 피씨에이, 트로메타민, 라벤더추출물, 베르가못잎추출물, 페퍼민트잎추출물, 프리지어추출물, 마트리카리아꽃추출물, 로즈마리잎추출물,에틸헥실글리세린, 하이드롤라이즈드케라틴, 하이드롤라이즈드실크, 하이드롤라이즈드콜라겐, 납작파래추출물, 개청각추출물, 자이언트켈프추출물, 다시마추출물, 겔리듐 카르틸라기네움추출물, 포르피리듐크루엔툼추출물, 알지닌, 향료",https://www.oliveyoung.co.kr/store/goods/getGoodsDetail.do?goodsNo=A000000180613&t_page=%ED%86%B5%ED%95%A9%EA%B2%80%EC%83%89%EA%B2%B0%EA%B3%BC%ED%8E%98%EC%9D%B4%EC%A7%80&t_click=%EA%B2%80%EC%83%89%EC%83%81%ED%92%88%EC%83%81%EC%84%B8&t_search_name=%ED%86%A0%EB%8B%89&t_number=13&dispCatNo=1000001000400140001&trackingCd=Result_11_30,21900,4.8,156260,https://image.oliveyoung.co.kr/cfimages/cf-goods/uploads/images/thumbnails/10/0000/0018/A00000018061338ko.jpg?l=ko,,tonic,달리프 클로렐라 탈모증상완화 헤어토닉
[비듬/각질케어] 릴리이브 스칼프턴 시카 PDRN 브러쉬 앰플 2종,본품 100ml 증정용 30ml,강력한 엑소좀과 PDRN의 시너지로 가렵고 민감한 두피에 강력한 진정을 선사하고 비듬을 완화한다,"정제수, 변성알코올, 부틸렌글라이콜, 피이지-60하이드로제네이티드캐스터오일, 카페인, 소듐폴리아크릴레이트, 1,2-헥산다이올, 하이드록시아세토페논, 멘톨, 트라이데세스-10, 베타인, 카보머, 트로메타민, 다이소듐이디티에이, 글리세린, 인도멀구슬나무잎추출물, 살리실릭애씨드, 클림바졸, 피록톤올아민, 덱스판테놀, 덱스트린, 인도멀구슬나무꽃추출물, 사이클로덱스트린, 말토스, 유칼립투스잎오일, 글루코오스, 회향씨추출물, 고수추출물, 소두구씨추출물, 샤프란꽃추출물, 약모밀추출물, 락토바실러스발효물, 하수오뿌리추출물, 마트리카리아꽃추출물, 로즈마리추출물, 라벤더추출물, 살비아잎추출물, 타임추출물, 질경이추출물, 오레가노잎추출물, 백미꽃추출물, 대왕소나무잎추출물, 당느릅나무뿌리추출물, 달맞이꽃꽃추출물, 칡뿌리추출물, 하이드롤라이즈드디엔에이(100ppb), 금불초꽃추출물, 영릉향추출물",https://www.oliveyoung.co.kr/store/goods/getGoodsDetail.do?goodsNo=A000000235184&t_page=%ED%86%B5%ED%95%A9%EA%B2%80%EC%83%89%EA%B2%B0%EA%B3%BC%ED%8E%98%EC%9D%B4%EC%A7%80&t_click=%EA%B2%80%EC%83%89%EC%83%81%ED%92%88%EC%83%81%EC%84%B8&t_search_name=%ED%86%A0%EB%8B%89&t_number=14&dispCatNo=1000001000400140001&trackingCd=Result_11_30,28800,4.9,40150,https://image.oliveyoung.co.kr/cfimages/cf-goods/uploads/images/thumbnails/10/0000/0023/A00000023518433ko.jpg?l=ko,,tonic,릴리이브 스칼프턴 시카 PDRN 브러쉬 앰플
유세린 더모 카필레르 카밍 우레아 스칼프 토닉 100ml,100ml,모든 피부용,"정제수,우레아(5%),소듐락테이트,메틸프로판다이올,라우레스-9,글리세린,페녹시에탄올,알지닌에이치씨엘,락틱애씨드,하이드록시에틸셀룰로오스,피이지-40하이드로제네이티드캐스터오일,세트리모늄클로라이드,창과감초뿌리추출물","https://www.oliveyoung.co.kr/store/goods/getGoodsDetail.do?goodsNo=A000000264704&t_page=%ED%86%B5%ED%95%A9%EA%B2%80%EC%83%89%EA%B2%B0%EA%B3%BC%ED%8E%98%EC%9D%B4%EC%A7%80&t_click=%EA%B2%80%EC%83%89%EC%83%81%ED%92%88%EC%83%81%EC%84%B8&t_search_name=%ED%86%A0%EB%8B%89&t_number=16&dispCatNo=1000001000400140001,1000001000800130001&trackingCd=Result_11_30",14500,4.8,150,https://image.oliveyoung.co.kr/cfimages/cf-goods/uploads/images/thumbnails/10/0000/0026/A00000026470401ko.jpg?l=ko,,tonic,유세린 더모 카필레르 카밍 우레아 스칼프 토닉
[탈모집중/잔머리케어] VT 리들샷 헤어 부스팅 앰플 300디엘 단품/기획 2종 택 1,15ml,모든 두피 타입,"정제수, 변성알코올, 부틸렌글라이콜, 실리카, 글리세레스-25피씨에이아이소스테아레이트, 멘톨, 카페인, 글리세린, 하이드록시아세토페논, 카보머, 아미노메틸프로판올, 하이드록시에틸셀룰로오스, 카프릴릴글라이콜, 판테놀, 1,2-헥산다이올, 구주소나무잎추출물, 펜틸렌글라이콜, 시트릭애씨드, 병풀추출물, 카프릴로일살리실릭애씨드, 바쿠치올, 글라이신, 소듐메타바이설파이트, 유럽잎갈나무목부추출물, 말토덱스트린, 녹차추출물, 다이소듐포스페이트, 징크클로라이드, 트라이펩타이드-79, 폴리솔베이트60, 사이아노코발아민, 치자추출물, 카프릴릭/카프릭트라이글리세라이드, 고삼뿌리추출물, 뽕나무껍질추출물, 황금추출물, 황련뿌리추출물, 소듐포스페이트, 펜타소듐테트라카복시메틸팔미토일다이펩타이드-12, 하이드로제네이티드레시틴, 개암풀씨추출물, 검정콩추출물, 라벤더추출물, 레몬밤추출물, 로즈마리추출물, 류코노스톡세포외소포, 베르가못잎추출물, 스피어민트추출물, 오레가노잎추출물, 징크피씨에이, 효모/골담초뿌리발효추출물, 소듐하이알루로네이트, 하이드롤라이즈드실크, 하이드롤라이즈드콜라겐, 에틸헥실글리세린, 하이드롤라이즈드케라틴, 세라마이드엔피, 아세틸테트라펩타이드-3, 아세틸테트라펩타이드-5, 아세틸헥사펩타이드-8, 에스에이치-폴리펩타이드-1, 에스에이치-폴리펩타이드-3, 에스에이치-폴리펩타이드-9, 카퍼트라이펩타이드-1, 팔미토일테트라펩타이드-7, 팔미토일트라이펩타이드-1, 팔미토일트라이펩타이드-5, 팔미토일펜타펩타이드-4, 에스에이치-올리고펩타이드-1, 마데카소사이드, 마데카식애씨드, 아시아티코사이드, 아시아틱애씨드, 프로폴리스추출물",https://www.oliveyoung.co.kr/store/goods/getGoodsDetail.do?goodsNo=A000000248512&t_page=%ED%86%B5%ED%95%A9%EA%B2%80%EC%83%89%EA%B2%B0%EA%B3%BC%ED%8E%98%EC%9D%B4%EC%A7%80&t_click=%EA%B2%80%EC%83%89%EC%83%81%ED%92%88%EC%83%81%EC%84%B8&t_search_name=%ED%86%A0%EB%8B%89&t_number=17&dispCatNo=1000001000400140001&trackingCd=Result_11_30,36900,4.9,20980,https://image.oliveyoung.co.kr/cfimages/cf-goods/uploads/images/thumbnails/10/0000/0024/A00000024851220ko.jpg?l=ko,,tonic,VT 리들샷 헤어 부스팅 앰플 300디엘
[탈모센터 앰플] 솔랩 프리미어 두피 앰플팩 40ml 1+1 기획,40ML*2,탈모 증상 완화 기능성화장품,"정제수, 변성알코올, 글리세레스-25 피씨에이아이소스테아레이트, 카보머, 부틸렌글라이콜, 판테놀, 멘톨, 아미노메틸프로판올, 1,2-헥산다이올, 살리실릭애씨드, 덱스판테놀, 클로페네신, 하이드록시에틸셀룰로오스, 카프릴릴글라이콜, 구주소나무잎추출물, 펜틸렌글라이콜, 블루아가베잎추출물, 시트릭애씨드, 보검선인장줄기추출물, 로즈마리잎오일, 황련뿌리추출물, 라벤더오일, 사막장미잎세포추출물, 유칼립투스잎오일, 미로탐누스 플라벨리폴리아잎/줄기추출물, 티아민에이치씨엘, 피리독신, 에틸헥실글리세린, 판토락톤, 글리세린, 다이소듐포스페이트, 폴리솔베이트60,레드초크베리추출물, 알로에베라잎추출물, 오미자추출물, 코치닐선인장열매추출물, 트레할로오스, 피브이피, 하이드로제네이티드레시틴, 소듐포스페이트, 스쿠알란, 꽃송이버섯추출물, 밀리타리스동충하초추출물, 글루타티온, 리보플라빈, 메나다이온, 바이오틴, 바이오플라보노이드, 사이아노코발아민, 아스코빅애씨드, 토코페릴아세테이트, 폴릭애씨드, 다이포타슘글리시리제이트, 세라마이드엔피, 구아이아줄렌, 녹차추출물, 마트리카리아꽃추출물, 병풀추출물, 쇠비름추출물, 알란토인, 리모넨, 리날룰",https://www.oliveyoung.co.kr/store/goods/getGoodsDetail.do?goodsNo=A000000220676&t_page=%ED%86%B5%ED%95%A9%EA%B2%80%EC%83%89%EA%B2%B0%EA%B3%BC%ED%8E%98%EC%9D%B4%EC%A7%80&t_click=%EA%B2%80%EC%83%89%EC%83%81%ED%92%88%EC%83%81%EC%84%B8&t_search_name=%ED%86%A0%EB%8B%89&t_number=18&dispCatNo=1000001000400140001&trackingCd=Result_11_30,42900,5.0,105710,https://image.oliveyoung.co.kr/cfimages/cf-goods/uploads/images/thumbnails/10/0000/0022/A00000022067669ko.jpg?l=ko,,tonic,솔랩 프리미어 두피 앰플팩 1+1
[두피쿨링/탈모증상완화] 아로마티카 티트리 퓨리파잉 토닉 100ml (단품/더블기획),단품: 100ml/ 더블기획: 100ml + 100ml/ 7월 올영픽 한정기획: 100ml+100ml+문어괄사 증정,지성 두피,"에탄올, 정제수, 페퍼민트오일, 티트리잎오일(2,000ppm), 티트리잎추출물(26ppm), 박하추출물, 덱스판테놀, 살리실릭애씨드, 비피다발효용해물, 락토바실러스발효용해물, 히솝추출물, 큰노랑꽃자리풀씨추출물, 멘톨, 우엉뿌리추출물, 레몬껍질오일, 유칼립투스잎오일, 아틀라스시다나무껍질오일, 카페인, 생강추출물, 생강오일, 글리세린, 티아민에이치씨엘, 피리독신에이치씨엘, 아스코빅애씨드, 바이오틴, 메나다이온, 리보플라빈, 1,2-헥산다이올, 벤질글라이콜, 에틸헥실글리세린, *리모넨, *시트랄, *리날룰, *에센셜오일에서 자연적으로 발견되는 성분",https://www.oliveyoung.co.kr/store/goods/getGoodsDetail.do?goodsNo=A000000189143&t_page=%ED%86%B5%ED%95%A9%EA%B2%80%EC%83%89%EA%B2%B0%EA%B3%BC%ED%8E%98%EC%9D%B4%EC%A7%80&t_click=%EA%B2%80%EC%83%89%EC%83%81%ED%92%88%EC%83%81%EC%84%B8&t_search_name=%ED%86%A0%EB%8B%89&t_number=21&dispCatNo=1000001000400140001&trackingCd=Result_11_30,20000,4.8,87940,https://image.oliveyoung.co.kr/cfimages/cf-goods/uploads/images/thumbnails/10/0000/0018/A00000018914326ko.jpg?l=ko,,tonic,아로마티카 티트리 퓨리파잉 토닉
[두피진정/Since2008] 청미정 다시마 두피 진정 에센스 80ml,[본품] 다시마 두피 진정 에센스 80ml,모든 두피 사용,"정제수, 알로에베라잎추출물, 다시마추출물(14,000ppm), 락토바실러스/울금발효여과물, 락토바실러스플란타룸/쌀/보리/콩/녹두/귀리/참깨/팥발효여과물, 락토바실러스/다시마/당밀발효여과물, 황금추출물, 스페인감초뿌리추출물, 모란뿌리추출물, 지황뿌리추출물, 질경이택사추출물, 병풀추출물, 검정콩추출물, 한련초추출물, 칡뿌리추출물, 지모뿌리추출물, 작약뿌리추출물, 곰솔잎추출물, 가시오갈피뿌리추출물, 하수오뿌리추출물, 산수유열매추출물, 참마뿌리추출물, 에탄올, 카페인, 살리실릭애씨드, 판테놀, 캠퍼, 사과오일, 콘민트오일, 오렌지껍질오일.",https://www.oliveyoung.co.kr/store/goods/getGoodsDetail.do?goodsNo=A000000251961&t_page=%ED%86%B5%ED%95%A9%EA%B2%80%EC%83%89%EA%B2%B0%EA%B3%BC%ED%8E%98%EC%9D%B4%EC%A7%80&t_click=%EA%B2%80%EC%83%89%EC%83%81%ED%92%88%EC%83%81%EC%84%B8&t_search_name=%ED%86%A0%EB%8B%89&t_number=23&dispCatNo=1000001000400140001&trackingCd=Result_11_30,25960,4.8,3350,https://image.oliveyoung.co.kr/cfimages/cf-goods/uploads/images/thumbnails/10/0000/0025/A00000025196120ko.jpg?l=ko,,tonic,청미정 다시마 두피 진정 에센스
[비듬각질정화토닉]라우쉬 콜츠푸트 안티-댄드러프 토닉 200ml,200ml,비듬 두피 및 모든 두피,"정제수, 변성알코올, 글리세린, 레몬밤꽃/잎/줄기수, 우엉뿌리추출물, 관동화잎추출물(260ppm), 황, 캠퍼, 디나토늄벤조에이트, 향료, 리날룰, 헥실신남알, 제라니올, 시트랄, 알파-아이소메틸아이오논, 리모넨, 시트로넬올, 쿠마린, 황색203호",https://www.oliveyoung.co.kr/store/goods/getGoodsDetail.do?goodsNo=A000000220684&t_page=%ED%86%B5%ED%95%A9%EA%B2%80%EC%83%89%EA%B2%B0%EA%B3%BC%ED%8E%98%EC%9D%B4%EC%A7%80&t_click=%EA%B2%80%EC%83%89%EC%83%81%ED%92%88%EC%83%81%EC%84%B8&t_search_name=%ED%86%A0%EB%8B%89&t_number=24&dispCatNo=1000001000400140001&trackingCd=Result_11_30,36550,4.9,2340,https://image.oliveyoung.co.kr/cfimages/cf-goods/uploads/images/thumbnails/10/0000/0022/A00000022068407ko.jpg?l=ko,,tonic,라우쉬 콜츠푸트 안티-댄드러프 토닉
[두피 안티에이징 토닉] 라우쉬 오리지널 헤어 팅크처 200ml,200ml,힘없는 모근 및 가는 모발,"변성알코올, 정제수, 우엉뿌리추출물, 완두싹추출물, 레몬껍질오일, 오렌지껍질오일, 디나토늄벤조에이트, 향료, 리모넨, 리날룰, 시트랄, 제라니올, 벤질알코올",https://www.oliveyoung.co.kr/store/goods/getGoodsDetail.do?goodsNo=A000000214942&t_page=%ED%86%B5%ED%95%A9%EA%B2%80%EC%83%89%EA%B2%B0%EA%B3%BC%ED%8E%98%EC%9D%B4%EC%A7%80&t_click=%EA%B2%80%EC%83%89%EC%83%81%ED%92%88%EC%83%81%EC%84%B8&t_search_name=%ED%86%A0%EB%8B%89&t_number=26&dispCatNo=1000001000400140001&trackingCd=Result_11_30,47700,4.8,16390,https://image.oliveyoung.co.kr/cfimages/cf-goods/uploads/images/thumbnails/10/0000/0021/A00000021494209ko.jpg?l=ko,,tonic,라우쉬 오리지널 헤어 팅크처
[두피영양제/탈모관리] 달리프 클로렐라 베러루트 헤어토닉 100ml+50ml 기획세트(단품/기획),■ 100ml+50ml,■ 모든 피부타입,"정제수, 에탄올, 엘-멘톨, 살리실릭애씨드, 피이지-60하이드로제네이티드캐스터오일, 덱스판테놀, 부틸렌글라이콜, 피씨에이, 트로메타민, 클로렐라 불가리스추출물(1,000 ppm), 글리세린, 1,2-헥산다이올, 알지닌, 자이언트켈프추출물, 다시마추출물, 납작파래추출물, 겔리듐 카르틸라기네움추출물, 개청각추출물, 프리지아추출물, 페퍼민트잎추출물, 베르가못잎추출물, 마트리카리아꽃추출물, 로즈마리잎추출물, 라벤더추출물, 포르피리듐 크루엔툼추출물, 에틸헥실글리세린, 하이드롤라이즈드옥수수단백질, 하이드롤라이즈드콩단백질, 하이드롤라이즈드밀단백질, 향료, 알파-아이소메틸아이오논, 벤질살리실레이트, 시트로넬올, 헥실신남알, 하이드록시시트로넬알, 리날룰, 부틸페닐메틸프로피오날",https://www.oliveyoung.co.kr/store/goods/getGoodsDetail.do?goodsNo=A000000228878&t_page=%ED%86%B5%ED%95%A9%EA%B2%80%EC%83%89%EA%B2%B0%EA%B3%BC%ED%8E%98%EC%9D%B4%EC%A7%80&t_click=%EA%B2%80%EC%83%89%EC%83%81%ED%92%88%EC%83%81%EC%84%B8&t_search_name=%ED%86%A0%EB%8B%89&t_number=30&dispCatNo=1000001000400140001&trackingCd=Result_11_30,15900,4.8,112710,https://image.oliveyoung.co.kr/cfimages/cf-goods/uploads/images/thumbnails/10/0000/0022/A00000022887815ko.jpg?l=ko,,tonic,달리프 클로렐라 베러루트 헤어토닉
[쏘팔메토/하하 PICK] 릴리이브 그로우턴 엑소좀 브러쉬 앰플 블랙 100ml,100ml,모든 피부 타입,"정제수, 변성알코올, C12-13알케스-9, 부틸렌글라이콜, 글리세린, 카페인, 카보머, 트로메타민, 1,2-헥산다이올, 하이드록시아세토페논, 솔비톨, 멘톨, 살리실릭애씨드, 판테놀, 다이소듐이디티에이, 피록톤올아민, 클림바졸, 소듐구아이아줄렌설포네이트, 로즈마리잎오일, 다이프로필렌글라이콜, 지황뿌리추출물, 당느릅나무뿌리추출물, 흑미추출물, 검은깨추출물, 검은뽕나무열매추출물, 검정콩추출물, 알로에베라잎추출물, 다시마추출물, 참마뿌리추출물, 제비꽃꽃추출물, 하이드로제네이티드레시틴, 폴리글리세릴-10라우레이트, 헛개나무열매추출물, 큰노랑꽃자리풀씨추출물, 기장추출물, 마카이꽃꽃추출물, 사발팜열매추출물, 흑삼추출물, 백미꽃추출물, 대왕소나무잎추출물, 달맞이꽃꽃추출물, 칡뿌리추출물, 다이아미노피리미딘옥사이드, 맥주효모추출물, 약모밀추출물(100ppb), 락토바실러스발효물(100ppb), 하수오뿌리추출물(100ppb), 토코페롤, 금불초꽃추출물, 영릉향추출물, 바이오틴, 카퍼트라이펩타이드-1, 향료, 유제놀, 제라니올, 헥실신남알, 리모넨, 리날룰","https://www.oliveyoung.co.kr/store/goods/getGoodsDetail.do?goodsNo=A000000261364&t_page=%ED%86%B5%ED%95%A9%EA%B2%80%EC%83%89%EA%B2%B0%EA%B3%BC%ED%8E%98%EC%9D%B4%EC%A7%80&t_click=%EA%B2%80%EC%83%89%EC%83%81%ED%92%88%EC%83%81%EC%84%B8&t_search_name=%ED%86%A0%EB%8B%89&t_number=39&dispCatNo=1000001000400140001,1000006000200030001&trackingCd=Result_31_60",23400,4.9,160,https://image.oliveyoung.co.kr/cfimages/cf-goods/uploads/images/thumbnails/10/0000/0026/A00000026136411ko.png?l=ko,,tonic,릴리이브 그로우턴 엑소좀 브러쉬 앰플 블랙
[NEW/두피영양제] 에잇그로우 프로 비타민 B5 스칼프 멀티 앰플 20ml,20ml,모든 두피 타입,"정제수, 변성알코올, 부틸렌글라이콜, 폴리글리세릴-10라우레이트, 1,2-헥산다이올, 암모늄아크릴로일다이메틸타우레이트/브이피코폴리머, 소듐시트레이트, 엘-멘톨, 살리실릭애씨드, 하이드록시에틸셀룰로오스, 덱스판테놀(2,000ppm), 이노시톨, 향료, 다이소듐포스페이트, 폴리솔베이트60, 하이드록시아세토페논, 소듐포스페이트, 에틸헥실글리세린, 로즈마리잎오일, 자일리톨, 해바라기씨오일, 카퍼트라이펩타이드-1, 코치닐선인장열매추출물, 라벤더추출물, 도둑놈의지팡이뿌리추출물, 리모넨, 하이드록시프로필사이클로덱스트린, 라벤더꽃추출물, 로즈마리잎추출물, 마트리카리아꽃추출물, 베르가못잎추출물, 페퍼민트잎추출물, 프리지아추출물, 검정콩추출물, 검은깨추출물, 흑미추출물, 은행나무잎추출물, 인삼추출물, 뽕나무껍질추출물, 율무씨추출물, 조류추출물, 감초뿌리추출물, 녹차추출물, 쓴풀추출물, 울금뿌리추출물, 참당귀뿌리추출물, 측백나무잎추출물, 하수오뿌리추출물, 한련초추출물, 황금추출물, 당개나리열매추출물, 생강추출물, 오미자추출물, 요엽후박나무껍질추출물, 잇꽃꽃추출물, 고삼뿌리추출물, 무화과추출물, 산구절초추출물, 산수유열매추출물, 석창포추출물, 쑥잎추출물, 약모밀추출물, 영지버섯추출물, 아스퍼질러스발효물",https://www.oliveyoung.co.kr/store/goods/getGoodsDetail.do?goodsNo=A000000267580&t_page=%ED%86%B5%ED%95%A9%EA%B2%80%EC%83%89%EA%B2%B0%EA%B3%BC%ED%8E%98%EC%9D%B4%EC%A7%80&t_click=%EA%B2%80%EC%83%89%EC%83%81%ED%92%88%EC%83%81%EC%84%B8&t_search_name=%ED%86%A0%EB%8B%89&t_number=41&dispCatNo=1000001000400140001&trackingCd=Result_31_60,19200,,0,https://image.oliveyoung.co.kr/cfimages/cf-goods/uploads/images/thumbnails/10/0000/0026/A00000026758003ko.jpg?l=ko,,tonic,에잇그로우 프로 비타민 B5 스칼프 멀티 앰플
[두피집중앰플] 리필드 사이토카인 탈모앰플 이펙터 15ml,15ml,탈모 증상 완화 기능성 화장품,"정제수, 변성알코올, 글리세린, 다이프로필렌글라이콜, 부틸렌글라이콜, 레시틴, 참마뿌리추출물, 제비꽃꽃추출물, 알로에베라잎추출물, 당느릅나무뿌리추출물, 다시마추출물, 엘-멘톨, 1,2-헥산다이올, 살리실릭애씨드, 덱스판테놀, 향료, 알지닌, 카프릴릴글라이콜, 폴리솔베이트20, 카프릴릭/카프릭트라이글리세라이드, 니코티닉애씨드아데닌다이뉴클레오타이드포스페이트, 자일리톨, 삼씨오일, 약모밀추출물, 은행나무잎추출물, 레몬추출물, 편백잎추출물, 밤부사 불가리스추출물, 소나무잎추출물, 측백나무추출물, 글라이신, 프로폴리스추출물, 필리핀오렌지전초오일, 세린, 글루타믹애씨드, 글루타티온, 생강오일, 사이클릭아데노신다이포스페이트리보오스, 아스파틱애씨드, 류신, 폴리글리세릴-4카프레이트, 알라닌, 라이신, 타이로신, 페닐알라닌, 프롤린, 트레오닌, 발린, 아이소류신, 히스티딘, 시스테인, 메티오닌, 나이아신아마이드, 바이오틴, 이노시톨, 소듐아스코빌포스페이트, 토코페롤, 리모넨, 리날룰",https://www.oliveyoung.co.kr/store/goods/getGoodsDetail.do?goodsNo=A000000180941&t_page=%ED%86%B5%ED%95%A9%EA%B2%80%EC%83%89%EA%B2%B0%EA%B3%BC%ED%8E%98%EC%9D%B4%EC%A7%80&t_click=%EA%B2%80%EC%83%89%EC%83%81%ED%92%88%EC%83%81%EC%84%B8&t_search_name=%ED%86%A0%EB%8B%89&t_number=45&dispCatNo=1000001000400140001&trackingCd=Result_31_60,19800,4.6,2930,https://image.oliveyoung.co.kr/cfimages/cf-goods/uploads/images/thumbnails/10/0000/0018/A00000018094122ko.jpg?l=ko,,tonic,드 사이토카인 탈모앰플 이펙터
[손상모케어] 헤드스파7 클리닉 리페어 워터 트리트먼트 350ml+40ml (탈모증상완화),350ml+40ml,모든 두피 모발용,"프로필렌글라이콜, 에탄올, 미리스틸알코올, 정제수, 사이클로펜타실록세인, 스테아트라이모늄클로라이드, 세트리모늄클로라이드, 우유단백질추출물, 아이소프로필알코올, 멘톨, 소듐락테이트, 살리실릭애씨드, 덱스판테놀, 부틸렌글라이콜, 베헨트라이모늄클로라이드, 다이프로필렌글라이콜, 인도멀구슬나무추출물, 1,2-헥산다이올, 황련추출물, 글리세린, 드럼스틱씨오일, 레시틴, 다이포타슘글리시리제이트, 콜레스테롤, 하이드롤라이즈드코튼씨드단백질, 알지닌, 하이드롤라이즈드효모단백질, 하이드롤라이즈드우유단백질, 하이드롤라이즈드쌀단백질, 하이드롤라이즈드보리단백질, 하이드롤라이즈드귀리단백질, 시스테인, 세라마이드엔피, 병풀추출물, 시어버터추출물, 하이드롤라이즈드실크, 호호바씨오일, 해바라기씨오일, 포도씨오일, 퀸즈랜드넛오일, 올리브오일, 아르간커넬오일, 비피다발효여과물, 바이오틴, 바오밥나무씨오일, 망고추출물, 류코노스톡/무발효여과물, 락토코쿠스발효물, 락토바실러스발효물, 동백나무씨오일, 달맞이꽃오일, 녹차씨오일, 알로에베라잎추출물, 소듐하이알루로네이트, 하이드롤라이즈드케라틴, 하이드롤라이즈드옥수수단백질, 하이드롤라이즈드아마란스단백질, 하이드롤라이즈드블래더랙단백질, 하이드롤라이즈드감자단백질, 쌀단백질, 스위트아몬드단백질, 돌콩단백질, 귀리단백질추출물, 에틸헥실글리세린, 하이알루로닉애씨드, 하이드롤라이즈드하이알루로닉애씨드, 하이드롤라이즈드소듐하이알루로네이트, 하이드록시프로필트라이모늄하이알루로네이트, 포타슘하이알루로네이트, 소듐하이알루로네이트크로스폴리머, 헥사펩타이드-9, 팔미토일헥사펩타이드-12, 팔미토일펜타펩타이드-4, 팔미토일트라이펩타이드-5, 팔미토일트라이펩타이드-1, 팔미토일테트라펩타이드-7, 트라이펩타이드-1, 카퍼트라이펩타이드-1, 아세틸헥사펩타이드-8, 아세틸테트라펩타이드-2, 노나펩타이드-1, 류신, 타우린, 아이소류신, 소듐아세틸레이티드하이알루로네이트, 발린, 아스파틱애씨드, 오르니틴, 글루타믹애씨드, 프롤린, 페닐알라닌, 트립토판, 트레오닌, 타이로신, 알라닌, 아스파라진, 시스틴, 세린, 메티오닌, 라이신, 글루타민, 글라이신, 히스티딘, 향료, 벤질살리실레이트, 시트로넬올, 알파-아이소메틸아이오논",https://www.oliveyoung.co.kr/store/goods/getGoodsDetail.do?goodsNo=A000000207731&t_page=%ED%86%B5%ED%95%A9%EA%B2%80%EC%83%89%EA%B2%B0%EA%B3%BC%ED%8E%98%EC%9D%B4%EC%A7%80&t_click=%EA%B2%80%EC%83%89%EC%83%81%ED%92%88%EC%83%81%EC%84%B8&t_search_name=%ED%8A%B8%EB%A6%AC%ED%8A%B8%EB%A8%BC%ED%8A%B8&t_number=9&dispCatNo=1000001000400070005&trackingCd=Result_9,15000,4.9,60100,https://image.oliveyoung.co.kr/cfimages/cf-goods/uploads/images/thumbnails/10/0000/0020/A00000020773107ko.jpg?l=ko,,treatment,헤드스파7 클리닉 리페어 워터 트리트먼트
[증정기획]라보에이치 비타민&단백질 캡슐 트리트먼트200ML*2+50ML증정,200ML 더블기획 / 200ML 더블기획+50ML(증정),모든 피부,"정제수, 글리세린, 다이프로필렌글라이콜, 세틸알코올, 스테아릴알코올, 카프릴릭/카프릭트라이글리세라이드, 스테아라미도프로필다이메틸아민, 하이드록시프로필스타치포스페이트, 글루타믹애씨드, 카페인, 다이-C12-13알킬말레이트, 판테놀, 피피지-3카프릴릴에터, 카프릴릴글라이콜, 페퍼민트오일, 마이크로크리스탈린셀룰로오스, 덱스트린, 옥수수전분, 프로판다이올, 부틸렌글라이콜, 스타아니스열매/씨오일, 로즈마리잎오일, 자일리톨, 에틸헥실글리세린, 다이소듐이디티에이, 연필향나무오일, 만니톨, 수크로오스, 다마스크장미꽃추출물, 콘민트오일, 1,2-헥산다이올, 프룩토올리고사카라이드, 유칼립투스잎오일, 락토바실러스발효용해물, 바질오일, 바이오틴, 검정콩추출물, 아스코빅애씨드, 하이드로제네이티드레시틴, 캐모마일꽃오일, 석류추출물, 마데카소사이드, 향기제비꽃잎추출물, 인삼추출물, 생강추출물, 소듐하이알루로네이트, 홍삼추출물, 약모밀추출물, 토코페롤, 하이드롤라이즈드하이알루로닉애씨드, 녹차추출물, 하수오뿌리추출물, 소듐하이알루로네이트크로스폴리머, 하이알루로닉애씨드, 소듐아세틸레이티드하이알루로네이트",https://www.oliveyoung.co.kr/store/goods/getGoodsDetail.do?goodsNo=A000000189265&t_page=%ED%86%B5%ED%95%A9%EA%B2%80%EC%83%89%EA%B2%B0%EA%B3%BC%ED%8E%98%EC%9D%B4%EC%A7%80&t_click=%EA%B2%80%EC%83%89%EC%83%81%ED%92%88%EC%83%81%EC%84%B8&t_search_name=%ED%8A%B8%EB%A6%AC%ED%8A%B8%EB%A8%BC%ED%8A%B8&t_number=12&dispCatNo=1000001000400070005&trackingCd=Result_11_30,16900,4.8,154660,https://image.oliveyoung.co.kr/cfimages/cf-goods/uploads/images/thumbnails/10/0000/0018/A00000018926567ko.jpg?l=ko,,treatment,라보에이치 비타민&단백질 캡슐 트리트먼트 *2
[두피열감 -4.2도] [실리콘FREE] 보다나 리추얼 3X 본딩 트리트먼트 단품/더블기획,200ml,모든헤어 or 극손상모,"정제수,세테아릴알코올,스테아릴알코올,베헨트라이모늄클로라이드,카프릴릭/카프릭트라이글리세라이드,세틸에틸헥사노에이트,향료,스테아트라이모늄클로라이드,변성알코올,프로필렌글라이콜,멘톨,카프릴릴글라이콜,덱스판테놀,살리실릭애씨드,알지닌,에틸헥실글리세린,나이아신아마이드,다이소듐이디티에이,부틸렌글라이콜,아라키딜알코올,세틸알코올,하이드롤라이즈드식물성단백질,1,2-헥산다이올,스트렙토코쿠스 테르모필루스발효물,말토덱스트린,클로렐라발효물,하이드롤라이즈드스위트아몬드단백질,글루타믹애씨드,소듐하이알루로네이트,다이메틸실란올하이알루로네이트,하이알루로닉애씨드,하이드롤라이즈드하이알루로닉애씨드,하이드롤라이즈드소듐하이알루로네이트,포타슘하이알루로네이트,하이드록시프로필트라이모늄하이알루로네이트,소듐하이알루로네이트크로스폴리머,소듐하이알루로네이트다이메틸실란올,소듐아세틸레이티드하이알루로네이트,리날룰,리모넨",https://www.oliveyoung.co.kr/store/goods/getGoodsDetail.do?goodsNo=A000000254440&t_page=%ED%86%B5%ED%95%A9%EA%B2%80%EC%83%89%EA%B2%B0%EA%B3%BC%ED%8E%98%EC%9D%B4%EC%A7%80&t_click=%EA%B2%80%EC%83%89%EC%83%81%ED%92%88%EC%83%81%EC%84%B8&t_search_name=%ED%8A%B8%EB%A6%AC%ED%8A%B8%EB%A8%BC%ED%8A%B8&t_number=27&dispCatNo=1000001000400070005&trackingCd=Result_11_30,17900,4.9,36890,https://image.oliveyoung.co.kr/cfimages/cf-goods/uploads/images/thumbnails/10/0000/0025/A00000025444011ko.png?l=ko,,treatment,보다나 리추얼 3X 본딩 트리트먼트
루톤 여성 두피용 알파에르겐 트리트먼트 500ml+트리트먼트 70ml 증정 기획,500ml+70ml,"모든 두피 모발용/탈모 트리트먼트,","정제수,세테아릴알코올,다이메티콘,스테아트라이모늄클로라이드, 글리세린,세틸알코올,C15-23알케인,프로필렌글라이콜,베헨트라이모늄메토설페이트,스테아릴알코올,시어버터,메틸프로판다이올,엘-멘톨,살리실릭애씨드,소듐시트레이트,덱스판테놀,글리세릴카프릴레이트,클림바졸,라벤더오일,C13-14알케인,아보카도오일,피마자씨오일,해바라기씨오일,센티드제라늄꽃오일,유칼립투스잎오일,티트리잎오일,비타민나무오일,쌀겨수 부틸렌글라이콜,석류추출물,참당귀뿌리추출물,고삼뿌리추출물,뽕나무뿌리추출물,하수오뿌리추출물,귀리짚추출물,녹두싹추출물,당근추출물,밀단백질,보리추출물,사과추출물,시금치추출물,쌀추출물,아마씨추출물,옥수수커넬추출물,참깨추출물,콩추출물,호밀추출물,회향열매추출물,감추출물,동백나무잎추출물,캐롭열매추출물,토코페롤,1,2-헥산다이올,에틸헥실글리세린,다이소듐이디티에이 리날룰,시트로넬올,제라니올",https://www.oliveyoung.co.kr/store/goods/getGoodsDetail.do?goodsNo=A000000173720&t_page=%ED%86%B5%ED%95%A9%EA%B2%80%EC%83%89%EA%B2%B0%EA%B3%BC%ED%8E%98%EC%9D%B4%EC%A7%80&t_click=%EA%B2%80%EC%83%89%EC%83%81%ED%92%88%EC%83%81%EC%84%B8&t_search_name=%ED%8A%B8%EB%A6%AC%ED%8A%B8%EB%A8%BC%ED%8A%B8&t_number=28&dispCatNo=1000001000400070005&trackingCd=Result_11_30,25700,4.8,23560,https://image.oliveyoung.co.kr/cfimages/cf-goods/uploads/images/thumbnails/10/0000/0017/A00000017372006ko.jpg?l=ko,,treatment,루톤 여성 두피용 알파에르겐 트리트먼트 +트리트먼트
[두피탄력] 헤드스파7 안티에이징 워터 트리트먼트 215ml+215ml (탈모증상완화),215ml+215ml,모든 두피 모발용,"프로필렌글라이콜, 에탄올, 미리스틸알코올, 정제수, 세트리모늄클로라이드, 스테아트라이모늄클로라이드, 글리세린, 다이프로필렌글라이콜, 펜틸렌글라이콜, 부틸렌글라이콜, 베헨트라이모늄클로라이드, 하이드로제네이티드폴리(C6-12올레핀), C9-12알케인, 젤라틴, 인도멀구슬나무추출물, C13-14알케인, 1,2-헥산다이올, 아라비아고무나무검, 유비퀴논, 셀룰로오스검, 드럼스틱씨오일, 가지열매추출물, 하이드롤라이즈드실크, 하이드롤라이즈드콜라겐, 폴리글리세릴-10올리에이트, 카프릴릭/카프릭트라이글리세라이드, 하이드로제네이티드레시틴, 글라이신, 흑미추출물, 양까막까치밥나무열매추출물, 서양산딸기추출물, 블랙커민씨추출물, 멕시칸치아씨추출물, 로우스위트블루베리추출물, 콩추출물, 참깨추출물, 세린, 글루타믹애씨드, 아스파틱애씨드, 류신, 하이드록시데실유비퀴논, 알라닌, 라이신, 알지닌, 타이로신, 페닐알라닌, 프롤린, 트레오닌, 발린, 아이소류신, 히스티딘, 메티오닌, 카프릴릴글라이콜, 트립토판, 타우린, 오르니틴, 아스파라진, 시스틴, 글루타민, 검은서양송로추출물, 하이드롤라이즈드콘키올린단백질, 시스테인, 하이드롤라이즈드코튼씨드단백질, 하이드롤라이즈드옥수수단백질, 하이드롤라이즈드아마란스단백질, 하이드롤라이즈드블래더랙단백질, 하이드롤라이즈드감자단백질, 에틸헥실글리세린, 쌀단백질, 스위트아몬드단백질, 돌콩단백질, 귀리단백질추출물, 아텔로콜라겐, 데사미도콜라겐, 헥사펩타이드-9, 피리독신, 폴릭애씨드, 포타슘코코일하이드롤라이즈드콜라겐, 팔미토일헥사펩타이드-12, 팔미토일펜타펩타이드-4, 팔미토일트라이펩타이드-5, 팔미토일트라이펩타이드-1, 팔미토일테트라펩타이드-7, 티아민에이치씨엘, 트라이펩타이드-1, 카퍼트라이펩타이드-1, 아세틸헥사펩타이드-8, 아세틸테트라펩타이드-2, 사이아노코발아민, 바이오플라보노이드, 바이오틴, 메나다이온, 리보플라빈, 레티놀, 노나펩타이드-1, 수용성콜라겐, 콜라겐, 프로콜라겐, 엘-멘톨, 살리실릭애씨드, 덱스판테놀, 향료",https://www.oliveyoung.co.kr/store/goods/getGoodsDetail.do?goodsNo=A000000215629&t_page=%ED%86%B5%ED%95%A9%EA%B2%80%EC%83%89%EA%B2%B0%EA%B3%BC%ED%8E%98%EC%9D%B4%EC%A7%80&t_click=%EA%B2%80%EC%83%89%EC%83%81%ED%92%88%EC%83%81%EC%84%B8&t_search_name=%ED%8A%B8%EB%A6%AC%ED%8A%B8%EB%A8%BC%ED%8A%B8&t_number=64&dispCatNo=1000001000400070005&trackingCd=Result_61_all,18900,4.9,20220,https://image.oliveyoung.co.kr/cfimages/cf-goods/uploads/images/thumbnails/10/0000/0021/A00000021562909ko.jpg?l=ko,,treatment,헤드스파7 안티에이징 워터 트리트먼트
[모발볼륨] 헤드스파7 더프리미엄 트리트먼트 210ml+210ml (탈모증상완화),210ml x 2개,모든 모발 타입,"프로필렌글라이콜,에탄올,미리스틸알코올,정제수,C13-15알케인,베헨트라이모늄클로라이드,세트리모늄클로라이드,스테아트라이모늄클로라이드,다이프로필렌글라이콜,세틸알코올,피피지-3카프릴릴에터,프로필렌글라이콜다이카프릴레이트/다이카프레이트,베헨트라이모늄메토설페이트,향료,스테아릴알코올,멘톨,글리세린,살리실릭애씨드,소듐락테이트,덱스판테놀,하이드롤라이즈드콜라겐,카프릴릭/카프릭트라이글리세라이드,하이드록시프로필구아,폴리쿼터늄-11,하이드롤라이즈드실크,부틸렌글라이콜,하이드로제네이티드레시틴,수크로오스,페녹시에탄올,잇꽃꽃추출물,다이소듐스테아로일글루타메이트,검정콩추출물,쌀추출물,검은깨추출물,로우스위트블루베리추출물,뽕나무열매추출물,꿀추출물,프로폴리스추출물,로얄젤리추출물,황금전초추출물,황금추출물,유비퀴논, 1,2-헥산다이올,레시틴,글라이신,하이드록시프로필메틸셀룰로오스스테아록시에터,세린,글루타믹애씨드,아스파틱애씨드,류신,알라닌,라이신,알지닌,타이로신,페닐알라닌,프롤린,트레오닌, 발린,아이소류신,토코페롤,히스티딘,시스테인,메티오닌",https://www.oliveyoung.co.kr/store/goods/getGoodsDetail.do?goodsNo=A000000236556&t_page=%ED%86%B5%ED%95%A9%EA%B2%80%EC%83%89%EA%B2%B0%EA%B3%BC%ED%8E%98%EC%9D%B4%EC%A7%80&t_click=%EA%B2%80%EC%83%89%EC%83%81%ED%92%88%EC%83%81%EC%84%B8&t_search_name=%ED%8A%B8%EB%A6%AC%ED%8A%B8%EB%A8%BC%ED%8A%B8&t_number=71&dispCatNo=1000001000400070005&trackingCd=Result_61_all,23800,4.9,2500,https://image.oliveyoung.co.kr/cfimages/cf-goods/uploads/images/thumbnails/10/0000/0023/A00000023655601ko.jpg?l=ko,,treatment,헤드스파7 더프리미엄 트리트먼트
[두피영양] 라운드랩 소나무 진정 시카 두피 앰플 15ml,15ml,모든 피부용.,"정제수, 에탄올, C12-13알케스-9, 카페인, 다이프로필렌글라이콜, 암모늄아크릴로일다이메틸타우레이트/브이피코폴리머, 부틸렌글라이콜, 아크릴레이트/C10-30알킬아크릴레이트크로스폴리머, 스트렙토코쿠스 테르모필루스발효물, 멘톨, 소나무잎추출물(1,000ppm), 알란토인, 아미노메틸프로판올, 다이포타슘글리시리제이트, 데실글루코사이드, 흰버드나무껍질추출물, 녹차추출물, 병풀잎추출물(10.6 ppm), 오카무라큰실말추출물, 병풀추출물(10 ppm), 커피콩추출물, 콘민트오일, 페퍼민트오일, 베르가모트잎추출물, 글라이코프로테인(0.2 ppm), 아시아티코사이드(0.01 ppm), 아시아틱애씨드(0.01 ppm), 마데카소사이드(0.01 ppm), 마데카식애씨드(0.01 ppm), 1,2-헥산다이올, 다이소듐이디티에이, 리모넨",https://www.oliveyoung.co.kr/store/goods/getGoodsDetail.do?goodsNo=A000000210997&t_page=%ED%86%B5%ED%95%A9%EA%B2%80%EC%83%89%EA%B2%B0%EA%B3%BC%ED%8E%98%EC%9D%B4%EC%A7%80&t_click=%EA%B2%80%EC%83%89%EC%83%81%ED%92%88%EC%83%81%EC%84%B8&t_search_name=%EB%91%90%ED%94%BC%20%EC%A7%84%EC%A0%95%20%ED%86%A0%EB%8B%89&t_number=19&dispCatNo=1000001000400140001&trackingCd=Result_11_30,21900,4.5,2750,https://image.oliveyoung.co.kr/cfimages/cf-goods/uploads/images/thumbnails/10/0000/0021/A00000021099707ko.jpg?l=ko,,tonic,라운드랩 소나무 진정 시카 두피 앰플
[끈적임X/산뜻두피앰플] 루테카 루트 인핸싱 앰플 엑스퍼트 10ml (단품),10ml,모든 피부용,"정제수, 변성알코올, 부틸렌글라이콜, 프로판다이올, 카페인, 폴리글리세릴-10라우레이트, 카퍼트라이펩타이드-1, 아세틸테트라펩타이드-3, 바이오틴, 에피갈로카테킨갈레이트, 시스테인, 메티오닌, 알지닌, 프롤린, 카보머, C12-14알케스-12, 판테놀, 아크릴레이트/C10-30알킬아크릴레이트크로스폴리머, 에리스리톨, 소듐폴리아크릴로일다이메틸타우레이트, 카멜그라스오일, 트로메타민, 라벤더오일, 하이알루로닉애씨드, 다이포타슘글리시리제이트, 일랑일랑꽃오일, 글리세린, 1,2-헥산다이올, 나이아신아마이드, 만다린껍질추출물, 미로탐누스 플라벨리폴리아잎/줄기추출물, 뽕나무뿌리추출물, 하이드록시프로필사이클로덱스트린, 글라이신, 카프릴릭/카프릭트라이글리세라이드, 하이드로제네이티드레시틴, 수크로오스다이스테아레이트, 아스파틱애씨드, 류신, 알라닌, 라이신, 타이로신, 페닐알라닌, 발린, 아이소류신, 덱스트란, 히스티딘, 붉은토끼풀꽃추출물, 시트랄, 리날룰, 리모넨, 제라니올",https://www.oliveyoung.co.kr/store/goods/getGoodsDetail.do?goodsNo=A000000231705&t_page=%ED%86%B5%ED%95%A9%EA%B2%80%EC%83%89%EA%B2%B0%EA%B3%BC%ED%8E%98%EC%9D%B4%EC%A7%80&t_click=%EA%B2%80%EC%83%89%EC%83%81%ED%92%88%EC%83%81%EC%84%B8&t_search_name=%EB%91%90%ED%94%BC%20%EC%A7%84%EC%A0%95%20%EC%97%90%EC%84%BC%EC%8A%A4&t_number=6&dispCatNo=1000001000400140001&trackingCd=Result_6,9900,4.8,2800,https://image.oliveyoung.co.kr/cfimages/cf-goods/uploads/images/thumbnails/10/0000/0023/A00000023170513ko.jpg?l=ko,,tonic,루테카 루트 인핸싱 앰플 엑스퍼트
[비듬&가려움케어] 클로란 갈랑가 진저 비듬 앰플 100ml,클로란 갈랑가 진저 비듬 앰플 100ml,"비듬 두피, 가려움 두피, 지루성 두피","정제수, 글리세린, 펜틸렌글라이콜, 락틱애씨드, 갈랑가갈랑갈뿌리줄기추출물(0.4%), 아라비아고무나무검, 올레스-10, 소듐벤조에이트, 소듐하이드록사이드, 토코페롤, 잔탄검",https://www.oliveyoung.co.kr/store/goods/getGoodsDetail.do?goodsNo=A000000240413&t_page=%ED%86%B5%ED%95%A9%EA%B2%80%EC%83%89%EA%B2%B0%EA%B3%BC%ED%8E%98%EC%9D%B4%EC%A7%80&t_click=%EA%B2%80%EC%83%89%EC%83%81%ED%92%88%EC%83%81%EC%84%B8&t_search_name=%EB%B9%84%EB%93%AC%20%ED%86%A0%EB%8B%89&t_number=3&dispCatNo=1000001000400140001&trackingCd=Result_3,28800,4.6,2090,https://image.oliveyoung.co.kr/cfimages/cf-goods/uploads/images/thumbnails/10/0000/0024/A00000024041322ko.jpg?l=ko,,tonic,클로란 갈랑가 진저 비듬 앰플
[구매인증/증정이벤트] 닥터포헤어 폴리젠 씨크닝 스칼프 컨디셔닝 마스크 200ml 기획 (+50ml),200ml + 50ml,모든 타입,"정제수, 스테아릴알코올, 다이프로필렌글라이콜, 솔비톨, 세틸알코올, 스테아라미도프로필다이메틸아민, 부틸렌글라이콜, 돌콩배아추출물, 락토바실러스발효물, 사발팜열매추출물, 코코넛야자오일, 비타민나무오일, 하이드롤라이즈드콜라겐, 로즈마리잎오일, 호호바씨오일, 소듐하이알루로네이트, 하이드롤라이즈드케라틴, 병풀잎추출물, 편백잎추출물, 붉은토끼풀꽃추출물, 아이소아밀라우레이트, 아스파틱애씨드, 카프릴릴글라이콜, 에틸헥실글리세린, 판테놀, 살리실릭애씨드, 토코페롤, 세라마이드엔피, 바이오틴, 나이아신아마이드, 펜틸렌글라이콜, 1,2-헥산다이올, 카프릴릭/카프릭트라이글리세라이드, 포스파티딜콜린, 덱스트란, 아세틸테트라펩타이드-3, 글라이신, 글루타믹애씨드, 세린, 알라닌, 라이신, 알지닌, 프롤린, 트레오닌, 변성알코올, 카페인, 향료, 멘톨, 헥실신남알",https://www.oliveyoung.co.kr/store/goods/getGoodsDetail.do?goodsNo=A000000141339&t_page=%ED%86%B5%ED%95%A9%EA%B2%80%EC%83%89%EA%B2%B0%EA%B3%BC%ED%8E%98%EC%9D%B4%EC%A7%80&t_click=%EA%B2%80%EC%83%89%EC%83%81%ED%92%88%EC%83%81%EC%84%B8&t_search_name=%EB%91%90%ED%94%BC%20%ED%8A%B8%EB%A6%AC%ED%8A%B8%EB%A8%BC%ED%8A%B8&t_number=1&dispCatNo=1000001000400070005&trackingCd=Result_1,19900,4.7,25720,https://image.oliveyoung.co.kr/cfimages/cf-goods/uploads/images/thumbnails/10/0000/0014/A00000014133919ko.png?l=ko,,treatment,닥터포헤어 폴리젠 씨크닝 스칼프 컨디셔닝 마스크
[두피모발케어]릴리이브 그로우턴 엑소좀 캡슐 트리트먼트 230ml 기획 (+50ml),230ml+50ml,모든 피부용,"정제수, 글리세린, 세테아릴알코올, 카프릴릭/카프릭트라이글리세라이드, 스테아라미도프로필다이메틸아민, 메틸프로판다이올, 글루타믹애씨드, 향료, 폴리쿼터늄-22, 엘-멘톨, 살리실릭애씨드, 구아하이드록시프로필트라이모늄클로라이드, 덱스판테놀, 카프릴하이드록사믹애씨드, 에틸헥실글리세린, 옥수수전분, 마이크로크리스탈린셀룰로오스, 만니톨, 다이프로필렌글라이콜, 수크로오스, 1,2-헥산다이올, 판테놀, 하이드로제네이티드레시틴, 폴리글리세릴-10라우레이트, 마이카, 티타늄디옥사이드, 토코페릴아세테이트, 부틸렌글라이콜, 다이아미노피리미딘옥사이드, 맥주효모추출물, 토코페롤, 적색산화철, 바이오틴, 약모밀추출물, 락토바실러스발효물, 하수오뿌리추출물, 틴옥사이드, 백미꽃추출물, 카퍼트라이펩타이드-1, 하이드롤라이즈드감자단백질, 하이드롤라이즈드보리단백질, 하이드롤라이즈드쌀겨단백질, 하이드롤라이즈드귀리단백질, 우유단백질추출물, 하이드롤라이즈드완두콩단백질, 하이드롤라이즈드식물성단백질, 하이드롤라이즈드옥수수단백질, 하이드롤라이즈드콩단백질, 하이드롤라이즈드루핀단백질, 귀리단백질추출물, 하이드롤라이즈드밀단백질, 하이드롤라이즈드스위트아몬드단백질, 하이드롤라이즈드참깨단백질, 스위트아몬드단백질, 밀단백질, 병풀추출물, 쇠비름추출물",https://www.oliveyoung.co.kr/store/goods/getGoodsDetail.do?goodsNo=A000000249292&t_page=%ED%86%B5%ED%95%A9%EA%B2%80%EC%83%89%EA%B2%B0%EA%B3%BC%ED%8E%98%EC%9D%B4%EC%A7%80&t_click=%EA%B2%80%EC%83%89%EC%83%81%ED%92%88%EC%83%81%EC%84%B8&t_search_name=%EB%91%90%ED%94%BC%20%ED%8A%B8%EB%A6%AC%ED%8A%B8%EB%A8%BC%ED%8A%B8&t_number=3&dispCatNo=1000001000400070005&trackingCd=Result_3,14800,4.9,5620,https://image.oliveyoung.co.kr/cfimages/cf-goods/uploads/images/thumbnails/10/0000/0024/A00000024929208ko.jpg?l=ko,,treatment,릴리이브 그로우턴 엑소좀 캡슐 트리트먼트
[두피겸용/산뜻촉촉] 그로우어스 씨솔트 테라피 트리트먼트 235ml 기획/단품,235ml+235ml,모든 피부.,"정제수, 세틸알코올, 글리세린, 글리세릴스테아레이트, 세트리모늄클로라이드, 향료, 스테아라미도프로필다이메틸아민, 하이드록시아세토페논, 락토오스, 덱스판테놀, 살리실릭애씨드, 나이아신아마이드, 셀룰로오스, 에틸헥실글리세린, 말토덱스트린, 카라멜, 미리스틸알코올, 다이소듐이디티에이, 하이드록시프로필메틸셀룰로오스, 스테아릴알코올, 락틱애씨드, 아스코빌팔미테이트, 토코페릴아세테이트, 호호바에스터, 씨솔트(10ppm), 다시마추출물, 해수(9,800ppb), 미역추출물, 부틸렌글라이콜, 1,2-헥산다이올, 비니거, 하이드롤라이즈드밀단백질, 하이드롤라이즈드옥수수단백질, 하이드롤라이즈드콩단백질, 카프릴릴글라이콜, 리모넨, 알파-아이소메틸아이오논, 리날룰, 벤질알코올",https://www.oliveyoung.co.kr/store/goods/getGoodsDetail.do?goodsNo=A000000211793&t_page=%ED%86%B5%ED%95%A9%EA%B2%80%EC%83%89%EA%B2%B0%EA%B3%BC%ED%8E%98%EC%9D%B4%EC%A7%80&t_click=%EA%B2%80%EC%83%89%EC%83%81%ED%92%88%EC%83%81%EC%84%B8&t_search_name=%EB%91%90%ED%94%BC%20%ED%8A%B8%EB%A6%AC%ED%8A%B8%EB%A8%BC%ED%8A%B8&t_number=21&dispCatNo=1000001000400070005&trackingCd=Result_11_30,15400,4.6,2360,https://image.oliveyoung.co.kr/cfimages/cf-goods/uploads/images/thumbnails/10/0000/0021/A00000021179301ko.jpg?l=ko,,treatment,그로우어스 씨솔트 테라피 트리트먼트
[두피겸용/손상모]닥터지 두피랩 쿨 솔트 스칼프 트리트먼트 300g,트리트먼트 300g,모든 피부용 (가려움),"정제수, 세테아릴알코올, 솔비톨, 브라시카미도프로필다이메틸아민, 아이소아밀라우레이트, C13-16아이소알케인, 향료, 해수*, 아스파틱애씨드, 글리세릴카프릴레이트, 헵틸운데실레네이트, 쿼터늄-87, 카프릴릴글라이콜, 덱스판테놀, 살리실릭애씨드, 프로필렌글라이콜, 나이아신아마이드, 소듐클로라이드*, 부틸렌글라이콜, 소듐파이테이트, 1,2-헥산다이올, 점토추출물*, 납작파래추출물*, 하이드롤라이즈드옥수수단백질, 하이드롤라이즈드코튼씨드단백질, 하이드롤라이즈드귀리단백질, 하이드롤라이즈드완두콩단백질, 하이드롤라이즈드감자단백질, 하이드롤라이즈드쌀겨단백질, 하이드롤라이즈드쌀단백질, 퉁퉁마디추출물, 스피룰리나 플라텐시스추출물*, 아르간커넬오일, 동백나무씨오일, 병풀추출물, 아보카도오일, 드럼스틱씨오일, 마카다미아씨오일, 말토덱스트린, 식물성오일, 타라열매추출물, 멘톨, 해바라기싹추출물, 폴리쿼터늄-22, 토코페롤, 병풀오일, 글라이코프로테인, 하이드롤라이즈드케라틴, 마데카소사이드",https://www.oliveyoung.co.kr/store/goods/getGoodsDetail.do?goodsNo=A000000201059&t_page=%ED%86%B5%ED%95%A9%EA%B2%80%EC%83%89%EA%B2%B0%EA%B3%BC%ED%8E%98%EC%9D%B4%EC%A7%80&t_click=%EA%B2%80%EC%83%89%EC%83%81%ED%92%88%EC%83%81%EC%84%B8&t_search_name=%EB%91%90%ED%94%BC%20%ED%8A%B8%EB%A6%AC%ED%8A%B8%EB%A8%BC%ED%8A%B8&t_number=25&dispCatNo=1000001000400070005&trackingCd=Result_11_30,12000,4.8,5380,https://image.oliveyoung.co.kr/cfimages/cf-goods/uploads/images/thumbnails/10/0000/0020/A00000020105910ko.jpg?l=ko,,treatment,닥터지 두피랩 쿨 솔트 스칼프 트리트먼트
[뿌리볼륨] 아닐로 블랙티 너리싱 두피 트리트먼트 150ml,150 ml,모든 피부,"정제수,홍차추출물(90,000pppm),락토바실러스발효용해물,효모발효물,글리세린,세틸알코올,스테아릴알코올,세틸에틸헥사노에이트,향료,다이팔미토일에틸다이모늄클로라이드,브라시카미도프로필다이메틸아민,카프릴릭/카프릭트라이글리세라이드,글루타믹애씨드,세테아릴알코올,1,2-헥산다이올,멘톨,소듐벤조에이트,덱스판테놀,폴리쿼터늄-67,살리실릭애씨드,카프릴릴글라이콜,홍차잎가루(1,000ppm),나이아신아마이드,다이소듐이디티에이,맥아추출물,미리스틸알코올,약모밀추출물,부틸렌글라이콜,락토바실러스/소이밀크발효여과물,귀리가루추출물,쌀추출물,스위트아몬드추출물,알지닌,불가리스매자뿌리추출물,비치스트로베리추출물,구기자추출물,검은뽕나무열매추출물,하이드롤라이즈드밀단백질,프로판다이올,에틸헥실글리세린,리날룰,유제놀",https://www.oliveyoung.co.kr/store/goods/getGoodsDetail.do?goodsNo=B000000200542&t_page=%ED%86%B5%ED%95%A9%EA%B2%80%EC%83%89%EA%B2%B0%EA%B3%BC%ED%8E%98%EC%9D%B4%EC%A7%80&t_click=%EA%B2%80%EC%83%89%EC%83%81%ED%92%88%EC%83%81%EC%84%B8&t_search_name=%EB%91%90%ED%94%BC%20%ED%8A%B8%EB%A6%AC%ED%8A%B8%EB%A8%BC%ED%8A%B8&t_number=27&dispCatNo=1000001000400070005&trackingCd=Result_11_30,25200,4.9,200,https://image.oliveyoung.co.kr/cfimages/cf-goods/uploads/images/thumbnails/10/0000/0020/B00000020054217ko.jpg?l=ko,,treatment,아닐로 블랙티 너리싱 두피 트리트먼트
[두피활력 & 모발강화 트리트먼트] 클로란 퀴닌 트리트먼트 200ml,200ml,가늘고 힘없는 모발 & 손상 모발용,"정제수, 하이드록시프로필스타치포스페이트, 세테아릴알코올, 베헨아미도프로필다이메틸아민, 글리세린, 코코-카프릴레이트/카프레이트, 1,2-헥산다이올, 키나나무껍질추출물(0.0097%), 카페인, 소듐다이라우미도글루타미드라이신, 에탄올, 벤조익애씨드, 부틸렌글라이콜, 세테아레스-33, 시트릭애씨드, 향료, 해바라기씨오일, 락틱애씨드, 토코페롤, 트라이소듐에틸렌다이아민다이석시네이트",https://www.oliveyoung.co.kr/store/goods/getGoodsDetail.do?goodsNo=A000000247771&t_page=%ED%86%B5%ED%95%A9%EA%B2%80%EC%83%89%EA%B2%B0%EA%B3%BC%ED%8E%98%EC%9D%B4%EC%A7%80&t_click=%EA%B2%80%EC%83%89%EC%83%81%ED%92%88%EC%83%81%EC%84%B8&t_search_name=%EB%91%90%ED%94%BC%20%ED%8A%B8%EB%A6%AC%ED%8A%B8%EB%A8%BC%ED%8A%B8&t_number=31&dispCatNo=1000001000400070005&trackingCd=Result_31_60,21600,4.2,120,https://image.oliveyoung.co.kr/cfimages/cf-goods/uploads/images/thumbnails/10/0000/0024/A00000024777108ko.jpg?l=ko,,treatment,클로란 퀴닌 트리트먼트
[이나은PICK/두피겸용쿨링] 에끌무아 더블트러플 탈모케어 퍼퓸 트리트먼트 150ml,150ml,모든 피부타입용,"정제수, 다이메티콘, 세테아릴알코올, 베헨트라이모 늄클로라이드, 스테아라미도프로필다이메틸아민, 세틸알코올, 글리세린, 검은서양송로추출물(300 ppb), 흰서양송로 추출물(200 ppb), 흑효모발효물, 비피다발효용해물, 락토코쿠스발효용해물, 락토바실러스발효용해물, 히비스커스꽃추출물, 산수유열매추출물, 루이보스추출물, 타이칡뿌리 추출물, 퀼라자껍질추출물, 유자추출물, 와일드얌뿌리추출 물, 영하구기자추출물, 몰로키아잎추출물, 다시마추출물, 녹두추출물, 검정콩추출물, 가자열매추출물, 큰노랑용담뿌 리추출물, 부처스브룸뿌리추출물, 귀리단백질추출물, 콜라겐추출물, 콜레스테롤, 하이드롤라이즈드콩단백질, 하이드롤라이즈드참깨단백질, 하이드롤라이즈드완두콩단백질, 하이드롤라이즈드스위트아몬드단백질, 하이드롤라이즈드밀단백질, 하이드롤라이즈드루핀단백질, 하이드롤라이즈드귀리단백질, 하이드로제네이티드레시틴, 스위트아몬드단 백질, 밀단백질, 말토덱스트린, 글루코오스, 엘-멘톨, 살리실릭애씨드, 덱스판테놀, 아이소프로필알코올, 스테아릴알코올, 베헨트라이모늄메토설페이트, 글리세릴스테아레이트, 부틸렌글라이콜, 락틱애씨드, 아모다이메티콘, 다이소듐이 디티에이, 1,2-헥산다이올, 세트리모늄클로라이드, 클로헥시딘다이글루코네이트, 트라이데세스-12, 카페인, 카프릴릭/카프릭트라이글리세라이드, 프룩토올리고사카라이드, 풀루란, 에틸헥실글리세린, 향료, 시트로넬올, 리모넨, 헥실신남알, 하이드록시시트로넬알",https://www.oliveyoung.co.kr/store/goods/getGoodsDetail.do?goodsNo=A000000243967&t_page=%ED%86%B5%ED%95%A9%EA%B2%80%EC%83%89%EA%B2%B0%EA%B3%BC%ED%8E%98%EC%9D%B4%EC%A7%80&t_click=%EA%B2%80%EC%83%89%EC%83%81%ED%92%88%EC%83%81%EC%84%B8&t_search_name=%EB%91%90%ED%94%BC%20%ED%8A%B8%EB%A6%AC%ED%8A%B8%EB%A8%BC%ED%8A%B8&t_number=32&dispCatNo=1000001000400070005&trackingCd=Result_31_60,18900,4.9,1090,https://image.oliveyoung.co.kr/cfimages/cf-goods/uploads/images/thumbnails/10/0000/0024/A00000024396713ko.png?l=ko,,treatment,에끌무아 트러플 탈모케어 퍼퓸 트리트먼트
[두피사용가능] 애쉬로렌 독일 맥주효모 트리트먼트 500ml,500ml,모든 피부 타입,"정제수, 스테아릴알코올, 세틸알코올, 세틸에틸헥사노에이트, 브라시카미도프로필다이메틸아민, 글리세린, 피마자씨오일, 글루타믹애씨드, 시어버터, 하이드록시에틸우레아, 맥주효모추출물(6,500,000ppb), 하이드록시아세토페논, 다이프로필렌글라이콜, 구아하이드록시프로필트라이모늄클로라이드, 카프릴릴글라이콜, 베타인, 다이소듐이디티에이, 1,2-헥산다이올, 아라키딜알코올, 미리스틸알코올, 꿀추출물, 판테놀, 부틸렌글라이콜, 다이포타슘글리시리제이트, 병풀추출물, 카프릴릭/카프릭트라이글리세라이드, 검은깨추출물, 고삼뿌리추출물, 라케모사승마뿌리추출물, 뽕나무껍질추출물, 쇠비름추출물, 스페인감초뿌리추출물, 작약뿌리추출물, 진흙버섯추출물, 참당귀뿌리추출물, 하수오뿌리추출물, 황금추출물, 생강추출물, 알바수련뿌리추출물, 칡뿌리추출물, 하이드롤라이즈드콜라겐, 하이드롤라이즈드콩단백질, 황련뿌리추출물, 황벽나무껍질추출물, 하이드롤라이즈드실크, 하이드롤라이즈드엘라스틴, 하이드롤라이즈드케라틴, 향료",https://www.oliveyoung.co.kr/store/goods/getGoodsDetail.do?goodsNo=A000000251748&t_page=%ED%86%B5%ED%95%A9%EA%B2%80%EC%83%89%EA%B2%B0%EA%B3%BC%ED%8E%98%EC%9D%B4%EC%A7%80&t_click=%EA%B2%80%EC%83%89%EC%83%81%ED%92%88%EC%83%81%EC%84%B8&t_search_name=%EB%91%90%ED%94%BC%20%ED%8A%B8%EB%A6%AC%ED%8A%B8%EB%A8%BC%ED%8A%B8&t_number=40&dispCatNo=1000001000400070005&trackingCd=Result_31_60,18900,4.8,100,https://image.oliveyoung.co.kr/cfimages/cf-goods/uploads/images/thumbnails/10/0000/0025/A00000025174806ko.jpg?l=ko,,treatment,애쉬로렌 독일 맥주효모 트리트먼트
[두피 케어] 모로칸오일 스칼프 밸런싱 컨디셔닝 트리트먼트 200ml,200ml,모든모발용,"정제수, 글리세린, 세테아릴알코올, 트라이에틸헥사노인, 베헨트라이모늄클로라이드, 부틸렌글라이콜, 아이소스테아릴알코올, 트레할로오스, 호호바씨오일, 향료, 아이소프로필알코올, 페녹시에탄올, 스테아트라이모늄클로라이드, 폴리솔베이트60, 소듐시트레이트, 아르간커넬오일, 살리실릭애씨드, 하이드록시에틸셀룰로오스, 글루코실헤스페리딘, 다이포타슘글리시리제이트, 나이아신아마이드, 둥근빗살현호색추출물, 소듐벤조에이트, 왕벚나무잎추출물, 발레이추출물, 레몬밤잎추출물, 소듐나이트레이트, 쓴풀추출물, 시트릭애씨드, 에틸헥실글리세린, 토코페롤, t-부틸알코올, 소듐다이라우미도글루타미드라이신, 리모넨, 리날룰","https://www.oliveyoung.co.kr/store/goods/getGoodsDetail.do?goodsNo=A000000223862&t_page=%ED%86%B5%ED%95%A9%EA%B2%80%EC%83%89%EA%B2%B0%EA%B3%BC%ED%8E%98%EC%9D%B4%EC%A7%80&t_click=%EA%B2%80%EC%83%89%EC%83%81%ED%92%88%EC%83%81%EC%84%B8&t_search_name=%EB%91%90%ED%94%BC%20%ED%8A%B8%EB%A6%AC%ED%8A%B8%EB%A8%BC%ED%8A%B8&t_number=48&dispCatNo=1000001000400070007,1000006000100040001&trackingCd=Result_31_60",31200,4.7,210,https://image.oliveyoung.co.kr/cfimages/cf-goods/uploads/images/thumbnails/10/0000/0022/A00000022386217ko.jpg?l=ko,,treatment,모로칸오일 스칼프 밸런싱 컨디셔닝 트리트먼트
[트리트먼트 10매 증정] 데미지 케어 단백질 트리트먼트 500ml,트리트먼트 500ml 1+1 (+헤어에센스 본품 150ml 증정),모든 두피,"정제수, 디소듐라우레스설포석시네이트, 글리세린, 코카미도프로필베타인, 라우릴베타인, 라우레스-23, 소듐클로라이드, 유카뿌리추출물, 고삼추출물, 뽕나무뿌리추출물, 창포추출물, 하수오추출물, 당약추출물, 퀴노아씨추출물, 한련초추출물, 동백나무잎추출물, 감추출물, 캐럽콩추출물, 라벤더오일, 라반딘오일, 인삼열매추출물, 셀러리추출물, 무환자추출물, 콩추출물, 비누풀추출물, 녹두추출물, 인삼추출물, 안젤리카뿌리추출물, 어성초추출물, 자소엽추출물, 녹차추출물, 하이드롤라이즈드옥수수단백질, 하이드롤라이즈드소이단백질, 하이드롤라이즈드익스텐신, 하이드롤라이즈드쌀단백질, 하이드롤라이즈드감자단백질, 국화꽃추출물, 금불초꽃추출물, 금은화추출물, 카렌둘라추출물, 홍화추출물, 베타인, 판테놀, 폴리쿼터늄-10, 폴리쿼터늄-67, 폴리쿼터늄-7, 부틸렌글라이콜, 디프로필렌글라이콜, 소듐아세테이트, 알지닌, 시트릭애씨드, 디소듐이디티에이, 1,2-헥산디올, 소듐벤조에이트, 클로로필린-카퍼콤플렉스",https://www.oliveyoung.co.kr/store/goods/getGoodsDetail.do?goodsNo=B000000144132&t_page=%ED%86%B5%ED%95%A9%EA%B2%80%EC%83%89%EA%B2%B0%EA%B3%BC%ED%8E%98%EC%9D%B4%EC%A7%80&t_click=%EA%B2%80%EC%83%89%EC%83%81%ED%92%88%EC%83%81%EC%84%B8&t_search_name=%EB%91%90%ED%94%BC%20%ED%8A%B8%EB%A6%AC%ED%8A%B8%EB%A8%BC%ED%8A%B8&t_number=53&dispCatNo=1000001000400080001&trackingCd=Result_31_60,19800,4.7,990,https://image.oliveyoung.co.kr/cfimages/cf-goods/uploads/images/thumbnails/10/0000/0014/B00000014413214ko.jpg?l=ko,,treatment,데미지 케어 단백질 트리트먼트
트리셀 포르테 앰플 트리트먼트 200ml,200ml,모든피부용 or 극손상모용,"프로필렌글라이콜, 에탄올, 미리스틸알코올, 정제수, 향료, 코코-카프릴레이트/카프레이트, 베헨트라이모늄클로라이드, 세트리모늄클로라이드, 스테아트라이모늄클로라이드, 세틸알코올, 베헨트라이모늄메토설페이트, 스테아릴알코올, 카프릴릴글라이콜, 하이드롤라이즈드케라틴, 호호바씨오일, 우유단백질추출물, 락토코쿠스발효용해물, 토코페롤, 부틸렌글라이콜, 1,2-헥산다이올, 글라이신, 세린, 글루타믹애씨드, 아스파틱애씨드, 류신, 알라닌, 라이신, 알지닌, 타이로신, 페닐알라닌, 발린, 트레오닌, 프롤린, 아이소류신, 히스티딘, 메티오닌, 시스테인",https://www.oliveyoung.co.kr/store/goods/getGoodsDetail.do?goodsNo=A000000171734&t_page=%ED%86%B5%ED%95%A9%EA%B2%80%EC%83%89%EA%B2%B0%EA%B3%BC%ED%8E%98%EC%9D%B4%EC%A7%80&t_click=%EA%B2%80%EC%83%89%EC%83%81%ED%92%88%EC%83%81%EC%84%B8&t_search_name=%EB%91%90%ED%94%BC%20%ED%8A%B8%EB%A6%AC%ED%8A%B8%EB%A8%BC%ED%8A%B8&t_number=57&dispCatNo=1000001000400070005&trackingCd=Result_31_60,17600,4.9,14000,https://image.oliveyoung.co.kr/cfimages/cf-goods/uploads/images/thumbnails/10/0000/0017/A00000017173401ko.jpg?l=ko,,treatment,트리셀 포르테 앰플 트리트먼트
[7초 트리트먼트] 헤드스파7 파란눈 블랙 헤어팩 300ml+300ml (탈모증상완화),300ml*2ea,모든 두피 모발용,"프로필렌글라이콜, 에탄올, 미리스틸알코올, 정제수, 사이클로펜타실록세인, 스테아트라이모늄클로라이드, 세트리모늄클로라이드, 베헨트라이모늄클로라이드, 소듐락테이트, 향료, 아이소프로필알코올, 멘톨, 살리실릭애씨드, 판테놀, 부틸렌글라이콜, 하이드롤라이즈드콜라겐, 하이드롤라이즈드실크, 글리세린, 스피룰리나추출물, 페녹시에탄올, 쐐기풀추출물, 세이지잎추출물, 자소엽추출물, 쌀겨추출물, 라벤더추출물, 어성초추출물, 감초추출물, 은행잎추출물, 레몬추출물, 병풀추출물, 파슬리추출물, 녹차추출물, 카렌둘라꽃추출물, 창포추출물, 오렌지추출물, 구절초추출물, 키위추출물, 시트로넬올, d-리모넨(리모넨), 헥실신남알, 리날룰",https://www.oliveyoung.co.kr/store/goods/getGoodsDetail.do?goodsNo=A000000140842&t_page=%ED%86%B5%ED%95%A9%EA%B2%80%EC%83%89%EA%B2%B0%EA%B3%BC%ED%8E%98%EC%9D%B4%EC%A7%80&t_click=%EA%B2%80%EC%83%89%EC%83%81%ED%92%88%EC%83%81%EC%84%B8&t_search_name=%EB%91%90%ED%94%BC%20%ED%8A%B8%EB%A6%AC%ED%8A%B8%EB%A8%BC%ED%8A%B8&t_number=51&dispCatNo=1000001000400070005&trackingCd=Result_31_60,27900,4.8,7070,https://image.oliveyoung.co.kr/cfimages/cf-goods/uploads/images/thumbnails/10/0000/0014/A00000014084210ko.jpg?l=ko,,treatment,헤드스파7 파란눈 블랙 헤어팩
아베다 스칼프솔루션 엑스폴리에이팅 스칼프 트리트먼트 150ml,150ml,모든 모발용,"정제수,소듐메틸코코일타우레이트,코카미도프로필하이드록시설테인,소듐클로라이드,소듐코코일이세티오네이트,다이소듐코코암포다이아세테이트,글루코사민에이치씨엘,징크피씨에이,멘톨,향료,벤질알코올,멘틸락테이트,살리실릭애씨드,시트릭애씨드,리모넨,포타슘솔베이트,리날룰,테트라소듐이미노다이석시네이트,제라니올,하이드록시시트로넬알,칼메그추출물,벤질살리실레이트,병풀추출물,소듐하이드록사이드","https://www.oliveyoung.co.kr/store/goods/getGoodsDetail.do?goodsNo=A000000184998&t_page=%ED%86%B5%ED%95%A9%EA%B2%80%EC%83%89%EA%B2%B0%EA%B3%BC%ED%8E%98%EC%9D%B4%EC%A7%80&t_click=%EA%B2%80%EC%83%89%EC%83%81%ED%92%88%EC%83%81%EC%84%B8&t_search_name=%EB%91%90%ED%94%BC%20%ED%8A%B8%EB%A6%AC%ED%8A%B8%EB%A8%BC%ED%8A%B8&t_number=75&dispCatNo=1000001000400070005,1000006000100040001&trackingCd=Result_61_all",57800,4.8,120,https://image.oliveyoung.co.kr/cfimages/cf-goods/uploads/images/thumbnails/10/0000/0018/A00000018499807ko.jpg?l=ko,,scaler,아베다 스칼프솔루션 엑스폴리에이팅 스칼프 트리트먼트
다슈 데일리 안티헤어로스 단백질 트리트먼트 500ml,■ 500ml,■ 모든 헤어타입 / 모든 피부타입,"정제수, 다이프로필렌글라이콜, 다이메티콘, 부틸렌글라이콜, 프로필렌글라이콜, 세테아릴알코올, 세틸알코올, 베헨트라이모늄메토설페이트, 베헨트라이모늄클로라이드, 스테아트라이모늄클로라이드, 징크피리치온, 덱스판테놀, 살리실릭애씨드, 나이아신아마이드, 피씨에이, 베타인, 테트라소듐이디티에이, 스위트아몬드오일, 호호바씨오일, 동백나무씨오일, 코코넛야자오일, 콘민트잎추출물, 산구절초추출물, 스페인감초뿌리추출물, 서양측백나무잎추출물, 구기자추출물, 창포뿌리추출물, 뽕나무뿌리추출물,인삼추출물, 도꼬마리열매추출물, 하이드롤라이즈드밀단백질(4.2ppm), 하이드롤라이즈드실크(1.3ppm), 하이드롤라이즈드케라틴(1ppm), 에탄올, 녹차추출물, 도둑놈의지팡이뿌리추출물, 글리세린, 로즈마리잎추출물, 약모밀추출물, 소엽잎추출물, 작약뿌리추출물, 1,2-헥산다이올, 카프릴릴글라이콜, 소듐벤조에이트, 소듐폴리나프탈렌설포네이트, 페녹시에탄올, 향료, 벤질벤조에이트, 헥실신남알, 리날룰, 부틸페닐메틸프로피오날","https://www.oliveyoung.co.kr/store/goods/getGoodsDetail.do?goodsNo=A000000109987&t_page=%ED%86%B5%ED%95%A9%EA%B2%80%EC%83%89%EA%B2%B0%EA%B3%BC%ED%8E%98%EC%9D%B4%EC%A7%80&t_click=%EA%B2%80%EC%83%89%EC%83%81%ED%92%88%EC%83%81%EC%84%B8&t_search_name=%EB%91%90%ED%94%BC%20%ED%8A%B8%EB%A6%AC%ED%8A%B8%EB%A8%BC%ED%8A%B8&t_number=77&dispCatNo=1000001000400070005,1000006000200030002&trackingCd=Result_61_all",14900,4.7,630,https://image.oliveyoung.co.kr/cfimages/cf-goods/uploads/images/thumbnails/10/0000/0010/A00000010998709ko.jpg?l=ko,,treatment,다슈 데일리 안티헤어로스 단백질 트리트먼트
[탈모케어] 닥터그루트 집중케어 멀티퍼펙션 힘없는 모발용 샴푸 400ml(+트리트먼트 100ml 증정),샴푸 400ml +트리트먼트 100ml,모든 모발용 (공용).,"정제수, 다이소듐라우레스설포석시네이트, 라우릴하이드록시설테인, 포타슘코코일글리시네이트, 글리세린, 코카마이드메틸엠이에이, 소듐클로라이드, 아데노신, 에스신, 바이오틴, 하이드롤라이즈드콜라겐, 카페인, 하이알루로닉애씨드, 맥주효모추출물, 돌콩오일, 레티놀, 붉나무충영추출물, 참마뿌리추출물, 스페인감초뿌리추출물, 병풀잎추출물, 인삼추출물, 애기부들이삭추출물, 육계나무껍질추출물, 작약뿌리추출물, 지치뿌리추출물, 양버들껍질/싹/잎/잔가지추출물, 소엽맥문동뿌리추출물, 단삼뿌리추출물, 황금추출물, 삽주뿌리줄기추출물, 검정콩추출물, 흑미강추출물, 방풍뿌리추출물, 검은깨추출물, 생강추출물, 대추추출물, 참당귀뿌리추출물, 글라이신, 세린, 글루타믹애씨드, 아스파틱애씨드, 류신, 알라닌, 라이신, 알지닌, 타이로신, 페닐알라닌, 프롤린, 트레오닌, 발린, 아이소류신, 히스티딘, 시스테인, 메티오닌, 멘톨, 판테놀, 살리실릭애씨드, 나이아신아마이드, 폴리쿼터늄-7, 글리세릴올리에이트, 폴리쿼터늄-22, 다이카프릴릴카보네이트, 피이지-크로스폴리머, 아크릴아미도프로필트라이모늄클로라이드/아크릴레이트코폴리머, 소듐코코일이세티오네이트, 코코-글루코사이드, 테트라소듐이디티에이, 시트릭애씨드, 카라멜, 피이지-40하이드로제네이티드캐스터오일, 피이지-150펜타에리스리틸테트라스테아레이트, 피피지-2하이드록시에틸코카마이드, 부틸렌글라이콜, 아미노메틸프로판올, 헥실렌글라이콜, 에탄올, 펜틸렌글라이콜, 프로판다이올, 토코페롤, 하이드로제네이티드레시틴, 제인, 콜레스테롤, 솔비탄올리에이트, 에틸헥실글리세린, 1,2-헥산다이올, 카프릴릴글라이콜, 소듐벤조에이트, 향료, 리모넨, 리날룰, 하이드록시시트로넬알, 시트로넬올",https://www.oliveyoung.co.kr/store/goods/getGoodsDetail.do?goodsNo=A000000207526&t_page=%ED%86%B5%ED%95%A9%EA%B2%80%EC%83%89%EA%B2%B0%EA%B3%BC%ED%8E%98%EC%9D%B4%EC%A7%80&t_click=%EA%B2%80%EC%83%89%EC%83%81%ED%92%88%EC%83%81%EC%84%B8&t_search_name=%EB%91%90%ED%94%BC%20%ED%8A%B8%EB%A6%AC%ED%8A%B8%EB%A8%BC%ED%8A%B8&t_number=81&dispCatNo=1000001000400080001&trackingCd=Result_61_all,18200,4.8,4900,https://image.oliveyoung.co.kr/cfimages/cf-goods/uploads/images/thumbnails/10/0000/0020/A00000020752603ko.jpg?l=ko,,shampoo,닥터그루트 집중케어 멀티퍼펙션 힘없는 모발용 샴푸
[아이사PICK] 모에브 아누카틴 무실리콘 탈모 증상 완화 트리트먼트 200g,200g,모든 피부 타입,"글리세린, 정제수, 미리스틸알코올, 세틸에틸헥사노에이트, 베헨트라이모늄클로라이드, 향료, 1,2-헥산다이올, 카페인, 아이소프로필알코올, 폴리쿼터늄-7, 부틸렌글라이콜, 나이아신아마이드, 토코페릴아세테이트, 녹차씨오일, 동백나무씨오일, 마카다미아씨오일, 아르간커넬오일, 올리브오일, 포도씨오일, 호호바씨오일, 밀글루텐, 사과추출물, 바이오틴, 글라이신, 글루타믹애씨드, 글루타민, 라이신, 류신, 메티오닌, 발린, 세린, 시스테인, 아스파라진, 아스파틱애씨드, 아이소류신, 알라닌, 알지닌, 오르니틴, 카르니틴, 타이로신, 트레오닌, 트립토판, 페닐알라닌, 프롤린, 히스티딘, 카프릴릴글라이콜, 하이드로제네이티드레시틴, 세라마이드엔피, 하이드롤라이즈드실크, 하이드롤라이즈드케라틴, 하이드롤라이즈드콜라겐, 하이드롤라이즈드콩단백질, 하이드롤라이즈드귀리단백질, 하이드롤라이즈드밀단백질, 에틸헥실글리세린, 다이소듐이디티에이, 소듐벤조에이트, 다이프로필렌글라이콜, 벤조익애씨드, 리날룰, 리모넨, 벤질벤조에이트, 벤질살리실레이트, 시트랄, 시트로넬올, 알파-아이소메틸아이오논, 제라니올, 쿠마린, 헥실신남알, [아누카틴 16,000pm 함유]",https://www.oliveyoung.co.kr/store/goods/getGoodsDetail.do?goodsNo=A000000227170&t_page=%ED%86%B5%ED%95%A9%EA%B2%80%EC%83%89%EA%B2%B0%EA%B3%BC%ED%8E%98%EC%9D%B4%EC%A7%80&t_click=%EA%B2%80%EC%83%89%EC%83%81%ED%92%88%EC%83%81%EC%84%B8&t_search_name=%ED%83%88%EB%AA%A8%20%ED%8A%B8%EB%A6%AC%ED%8A%B8%EB%A8%BC%ED%8A%B8&t_number=13&dispCatNo=1000001000400070005&trackingCd=Result_11_30,10450,4.9,13180,https://image.oliveyoung.co.kr/cfimages/cf-goods/uploads/images/thumbnails/10/0000/0022/A00000022717025ko.jpg?l=ko,,treatment,모에브 아누카틴 무실리콘 탈모 증상 완화 트리트먼트
네쉬 민트 바이옴 스칼프 퓨리파잉 스크럽 180ml,180ml,"모든 두피타입, 지성 두피타입","소듐클로라이드, 정제수, 글리세린, 다이소듐라우레스설포석시네이트, 라우라마이드미파, 코카미도프로필베타인, 하이드록시에틸아크릴레이트/소듐아크릴로일다이메틸타우레이트코폴리머,락토바실러스발효물, 콘민트추출물, 클로렐라 불가리스추출물, 페퍼민트오일, 돌콩추출물, 퀼라자껍질추출물, 코코-글루코사이드, C13-14알케인, 엘-멘톨, 살리실릭애씨드, C15-23알케인, 글루코오스, 덱스판테놀, 부틸렌글라이콜, 프룩토올리고사카라이드, 프룩토오스, 소듐코코일이세티오네이트, 1,2-헥산다이올, 데실글루코사이드, 펜틸렌글라이콜, 시트릭애씨드, 옥탄다이올, 에틸헥실글리세린, 4-터피네올, 아스코빅애씨드, 바이오틴, 사이아노코발아민, 폴릭애씨드, 토코페롤, 에탄올, 소듐벤조에이트, 향료",https://www.oliveyoung.co.kr/store/goods/getGoodsDetail.do?goodsNo=A000000217348&t_page=%ED%86%B5%ED%95%A9%EA%B2%80%EC%83%89%EA%B2%B0%EA%B3%BC%ED%8E%98%EC%9D%B4%EC%A7%80&t_click=%EA%B2%80%EC%83%89%EC%83%81%ED%92%88%EC%83%81%EC%84%B8&t_search_name=%EC%A0%80%EC%9E%90%EA%B7%B9%20%EC%8A%A4%EC%BC%80%EC%9D%BC%EB%9F%AC&t_number=8&dispCatNo=1000001000400080006&trackingCd=Result_8,16000,4.8,340,https://image.oliveyoung.co.kr/cfimages/cf-goods/uploads/images/thumbnails/10/0000/0021/A00000021734804ko.png?l=ko,,scaler,네쉬 민트 바이옴 스칼프 퓨리파잉 스크럽
무백 아하비하 퓨리파잉 두피 스케일러,250ml,"모든 두피타입, 지성 두피타입","정제수, 다이소듐라우레스설포석시네이트, 라우릴글루코사이드, 글리세린, 다이소듐코코암포다이아세테이트, 부틸렌글라이콜, 1,2-헥산다이올, 소듐클로라이드, 멘톨, 피록톤올아민, 글라이콜릭애씨드, 피피지-3카프릴릴에터, 판테놀, 살리실릭애씨드, 구아하이드록시프로필트라이모늄클로라이드, 베타인, 알란토인, 나이아신아마이드, 다이소듐이디티에이, 블랙윌로우나무껍질추출물, 인도멀구슬나무잎추출물, 인도멀구슬나무꽃추출물, 알로에베라잎즙, 아이비고드열매추출물, 티트리잎추출물, 호박가루, 가지열매추출물, 로즈마리잎추출물, 홀리바질잎추출물, 울금뿌리추출물, 참산호말추출물, 드럼스틱씨오일, 라벤더꽃추출물, 베르가못잎추출물, 페퍼민트잎추출물, 프리지아추출물, 마트리카리아꽃추출물, 캐모마일꽃추출물, 라벤더추출물, 유칼립투스잎추출물, 타임추출물, 레몬밤추출물, 타임꽃/잎추출물, 마테잎추출물, 생강추출물, 쇠비름추출물, 에틸헥실글리세린, 카프릴릴글라이콜, 씨솔트, 향료",https://www.hwahae.co.kr/products/2062027,22000,4.5,20,https://img.hwahae.co.kr/products/2062027/2062027_20230828164823.jpg,,scaler,무백 아하비하 퓨리파잉 두피 스케일러
